Age,Gender,r_white,r_black,r_native,m_married,m_single,HouseholdSize,NumChd,Edu,Income,Owner,h_singlefam,h_mobile,CloseCoast,CloseWater,OfficialHurricWatch,OfficialEvac,SrcLocalAuth,SrcLocalMedia,SrcNationalMedia,SrcInternet,SrcPeers,SeeStormCond,SeeShopClose,SeePeerEvac,PrevStormExp,PrevFalseAlarm,ProtectFromLooter,ProtectFromStorm,LostIncome,EvacExpense,Traffic,DistCoast,DistRiver,DistLake,Evac
50.0,1.0,1.0,0.0,0.0,1.0,0.0,2.0,0.0,3.0,5.0,1.0,1.0,0.0,5.0,5.0,2.0,2.0,1.0,3.0,5.0,1.0,3.0,4.0,2.0,5.0,4.0,4.0,3.0,3.0,5.0,5.0,5.0,44819.777,489.475,22780.98,1.0
47.0,0.0,1.0,0.0,0.0,1.0,0.0,3.0,0.0,3.0,5.0,1.0,1.0,0.0,2.0,1.0,3.0,1.0,3.0,4.0,4.0,1.0,2.0,2.0,2.0,3.0,3.0,4.0,1.0,2.0,2.0,4.0,4.0,49855.082,2245.752,23358.447,0.0
40.0,1.0,1.0,0.0,0.0,0.0,0.0,2.0,1.0,4.0,3.0,1.0,1.0,0.0,5.0,5.0,4.0,5.0,5.0,5.0,5.0,3.0,5.0,5.0,4.0,5.0,5.0,5.0,3.0,4.0,1.0,3.0,4.0,40654.672,420.781,19834.66,1.0
49.0,0.0,1.0,0.0,0.0,1.0,0.0,3.0,0.0,4.0,4.0,1.0,1.0,0.0,1.0,1.0,1.0,1.0,1.0,5.0,3.0,1.0,4.0,1.0,1.0,1.0,3.0,1.0,1.0,4.0,1.0,1.0,1.0,40670.523,430.2,19850.783,0.0
38.0,1.0,1.0,0.0,0.0,1.0,0.0,4.0,2.0,3.0,4.0,1.0,1.0,0.0,5.0,5.0,4.0,5.0,5.0,5.0,3.0,3.0,3.0,5.0,3.0,3.0,5.0,3.0,2.0,3.0,1.0,1.0,2.0,44609.512,1165.749,23805.074,1.0
38.0,1.0,0.0,1.0,0.0,0.0,0.0,4.0,3.0,3.0,1.0,0.0,0.0,0.0,2.0,3.0,4.0,3.0,4.0,4.0,5.0,1.0,3.0,3.0,2.0,2.0,3.0,1.0,1.0,1.0,1.0,2.0,1.0,43094.848,1603.618,21172.402,1.0
70.0,0.0,1.0,0.0,0.0,0.0,0.0,1.0,0.0,5.0,3.0,1.0,1.0,0.0,5.0,4.0,3.0,5.0,5.0,5.0,5.0,1.0,3.0,4.0,4.0,4.0,4.0,2.0,5.0,3.0,1.0,5.0,1.0,42593.883,1722.192,20840.451,1.0
57.0,0.0,1.0,0.0,0.0,1.0,0.0,4.0,0.0,4.0,5.0,1.0,1.0,0.0,4.0,4.0,4.0,4.0,5.0,5.0,5.0,1.0,1.0,5.0,2.0,2.0,4.0,1.0,4.0,4.0,2.0,2.0,1.0,47494.922,3812.421,26627.018,0.0
30.0,1.0,1.0,0.0,0.0,0.0,1.0,4.0,2.0,1.0,2.0,0.0,1.0,0.0,4.0,3.0,1.0,3.0,4.0,4.0,3.0,1.0,2.0,3.0,2.0,2.0,4.0,2.0,1.0,1.0,3.0,4.0,2.0,43757.809,919.995,22955.457,0.0
48.0,1.0,1.0,0.0,0.0,1.0,0.0,3.0,0.0,2.0,3.0,1.0,0.0,0.0,3.0,3.0,3.0,2.0,1.0,5.0,1.0,1.0,4.0,5.0,2.0,2.0,2.0,1.0,1.0,3.0,2.0,5.0,5.0,47063.73,1295.4,24384.635,0.0
48.0,0.0,1.0,0.0,0.0,1.0,0.0,5.0,2.0,3.0,5.0,1.0,1.0,0.0,5.0,4.0,5.0,5.0,2.0,1.0,1.0,1.0,2.0,5.0,1.0,1.0,5.0,3.0,1.0,1.0,1.0,1.0,4.0,48835.188,4780.929,27966.549,1.0
17.0,1.0,1.0,0.0,0.0,0.0,1.0,3.0,1.0,1.0,4.0,1.0,1.0,0.0,4.0,3.0,2.0,4.0,4.0,5.0,2.0,2.0,3.0,5.0,1.0,3.0,2.0,1.0,1.0,3.0,1.0,2.0,2.0,38072.91,2295.921,16396.139,0.0
34.0,1.0,1.0,0.0,0.0,1.0,0.0,3.0,1.0,3.0,5.0,1.0,1.0,0.0,5.0,5.0,4.0,5.0,4.0,5.0,5.0,2.0,2.0,5.0,2.0,3.0,2.0,2.0,5.0,5.0,1.0,1.0,2.0,44389.984,424.999,22695.723,0.0
88.0,1.0,1.0,0.0,0.0,0.0,0.0,1.0,0.0,2.0,4.0,1.0,1.0,0.0,4.0,1.0,2.0,4.0,5.0,4.0,1.0,1.0,4.0,3.0,3.0,4.0,2.0,2.0,1.0,1.0,1.0,1.0,2.0,44069.281,178.867,22972.59,1.0
48.0,0.0,1.0,0.0,0.0,1.0,0.0,3.0,0.0,3.0,4.0,1.0,1.0,0.0,5.0,5.0,4.0,5.0,5.0,5.0,5.0,5.0,5.0,5.0,5.0,5.0,5.0,3.0,2.0,3.0,4.0,4.0,5.0,43006.012,759.196,21715.539,1.0
91.0,1.0,1.0,0.0,0.0,0.0,0.0,1.0,0.0,1.0,1.0,1.0,1.0,0.0,5.0,3.0,2.0,3.0,2.0,5.0,5.0,1.0,5.0,1.0,1.0,1.0,4.0,1.0,1.0,3.0,1.0,1.0,5.0,44756.313,680.455,22596.629,1.0
84.0,0.0,1.0,0.0,0.0,1.0,0.0,2.0,0.0,1.0,1.0,1.0,1.0,0.0,4.0,4.0,4.0,4.0,3.0,5.0,2.0,1.0,4.0,5.0,4.0,3.0,3.0,2.0,2.0,3.0,1.0,2.0,2.0,43273.336,883.504,21766.984,1.0
43.0,1.0,1.0,0.0,0.0,1.0,0.0,3.0,1.0,2.0,2.0,1.0,0.0,0.0,5.0,5.0,5.0,3.0,1.0,5.0,2.0,1.0,5.0,5.0,5.0,5.0,3.0,5.0,5.0,5.0,1.0,1.0,1.0,48847.383,5057.998,27974.332,1.0
50.0,0.0,0.0,1.0,0.0,1.0,0.0,2.0,0.0,3.0,2.0,1.0,1.0,0.0,2.0,4.0,4.0,3.0,4.0,4.0,4.0,1.0,4.0,3.0,4.0,3.0,4.0,3.0,2.0,4.0,4.0,3.0,3.0,40688.953,10716.593,12868.191,0.0
26.0,1.0,0.0,0.0,1.0,0.0,1.0,3.0,2.0,1.0,1.0,1.0,0.0,1.0,1.0,5.0,5.0,5.0,5.0,5.0,5.0,1.0,5.0,5.0,3.0,5.0,1.0,1.0,5.0,5.0,1.0,1.0,5.0,45522.117,370.848,24500.219,1.0
72.0,0.0,1.0,0.0,0.0,1.0,0.0,2.0,0.0,2.0,1.0,1.0,1.0,0.0,2.0,2.0,3.0,4.0,1.0,5.0,2.0,1.0,5.0,4.0,3.0,5.0,2.0,2.0,1.0,2.0,1.0,1.0,5.0,41059.02,7754.563,14484.582,0.0
41.0,0.0,1.0,0.0,0.0,1.0,0.0,4.0,2.0,2.0,5.0,1.0,1.0,0.0,5.0,5.0,4.0,5.0,2.0,5.0,3.0,1.0,4.0,5.0,2.0,4.0,5.0,3.0,3.0,3.0,2.0,2.0,3.0,41368.59,8259.411,14354.077,1.0
30.0,0.0,1.0,0.0,0.0,1.0,0.0,2.0,0.0,4.0,5.0,1.0,0.0,1.0,4.0,5.0,4.0,4.0,4.0,5.0,4.0,4.0,4.0,4.0,2.0,4.0,4.0,2.0,2.0,2.0,2.0,2.0,3.0,49600.176,1661.688,27104.725,1.0
39.0,0.0,1.0,0.0,0.0,1.0,0.0,3.0,1.0,4.0,5.0,1.0,1.0,0.0,4.0,4.0,4.0,4.0,4.0,5.0,5.0,1.0,3.0,4.0,1.0,2.0,4.0,2.0,2.0,3.0,1.0,1.0,2.0,41234.691,7409.646,14783.296,0.0
27.0,0.0,1.0,0.0,0.0,1.0,0.0,2.0,0.0,4.0,4.0,1.0,0.0,1.0,5.0,4.0,4.0,4.0,2.0,5.0,5.0,1.0,3.0,4.0,3.0,4.0,3.0,1.0,1.0,3.0,3.0,3.0,3.0,44185.414,4170.642,18105.676,1.0
50.0,1.0,1.0,0.0,0.0,0.0,0.0,3.0,1.0,5.0,4.0,1.0,1.0,0.0,5.0,5.0,5.0,5.0,5.0,5.0,3.0,3.0,1.0,5.0,3.0,5.0,5.0,4.0,3.0,4.0,1.0,4.0,4.0,44186.727,4169.727,18106.861,1.0
52.0,0.0,1.0,0.0,0.0,1.0,0.0,3.0,0.0,4.0,5.0,1.0,1.0,0.0,5.0,5.0,3.0,4.0,2.0,5.0,4.0,3.0,2.0,5.0,3.0,4.0,4.0,4.0,3.0,3.0,3.0,3.0,2.0,42630.719,8077.185,15294.99,1.0
45.0,0.0,0.0,0.0,1.0,1.0,0.0,3.0,0.0,3.0,3.0,1.0,0.0,0.0,5.0,5.0,3.0,4.0,2.0,5.0,5.0,3.0,5.0,5.0,3.0,4.0,5.0,1.0,3.0,5.0,5.0,5.0,5.0,41303.707,7382.766,14827.767,1.0
42.0,0.0,1.0,0.0,0.0,1.0,0.0,4.0,2.0,2.0,5.0,1.0,1.0,0.0,4.0,4.0,3.0,3.0,3.0,3.0,3.0,1.0,1.0,3.0,2.0,1.0,4.0,4.0,3.0,4.0,1.0,5.0,5.0,44422.352,8263.983,16695.016,0.0
50.0,1.0,1.0,0.0,0.0,1.0,0.0,4.0,0.0,5.0,5.0,1.0,1.0,0.0,4.0,4.0,5.0,5.0,4.0,4.0,4.0,4.0,5.0,4.0,5.0,5.0,5.0,5.0,1.0,5.0,1.0,3.0,5.0,46784.465,6740.28,19172.506,0.0
47.0,1.0,1.0,0.0,0.0,1.0,0.0,3.0,0.0,3.0,2.0,1.0,1.0,0.0,3.0,5.0,4.0,2.0,1.0,4.0,3.0,1.0,1.0,5.0,4.0,4.0,4.0,1.0,1.0,3.0,3.0,4.0,1.0,53181.414,10938.195,18796.188,0.0
47.0,0.0,1.0,0.0,0.0,1.0,0.0,4.0,0.0,2.0,5.0,1.0,1.0,0.0,4.0,3.0,4.0,5.0,1.0,5.0,1.0,1.0,4.0,3.0,3.0,4.0,2.0,2.0,1.0,4.0,1.0,3.0,1.0,52009.09,13156.357,19785.355,1.0
35.0,0.0,1.0,0.0,0.0,1.0,0.0,4.0,2.0,3.0,5.0,1.0,1.0,0.0,5.0,5.0,4.0,5.0,5.0,5.0,5.0,1.0,2.0,5.0,3.0,3.0,5.0,5.0,3.0,5.0,5.0,5.0,5.0,46573.777,10046.511,15496.829,1.0
67.0,0.0,1.0,0.0,0.0,1.0,0.0,2.0,0.0,1.0,3.0,1.0,1.0,0.0,3.0,4.0,5.0,3.0,1.0,5.0,5.0,1.0,5.0,4.0,2.0,5.0,5.0,4.0,5.0,5.0,1.0,5.0,5.0,45171.277,8517.118,15537.319,0.0
55.0,0.0,1.0,0.0,0.0,1.0,0.0,2.0,0.0,4.0,5.0,1.0,1.0,0.0,5.0,2.0,3.0,2.0,3.0,5.0,2.0,1.0,3.0,4.0,2.0,2.0,3.0,4.0,5.0,4.0,3.0,1.0,2.0,44996.727,8359.326,14734.618,0.0
55.0,0.0,1.0,0.0,0.0,0.0,1.0,2.0,0.0,5.0,3.0,1.0,1.0,0.0,1.0,1.0,4.0,1.0,1.0,5.0,5.0,1.0,1.0,2.0,1.0,1.0,4.0,1.0,1.0,1.0,1.0,1.0,1.0,48666.586,12781.847,27294.996,1.0
75.0,1.0,1.0,0.0,0.0,1.0,0.0,2.0,0.0,1.0,1.0,1.0,1.0,0.0,5.0,5.0,3.0,3.0,2.0,4.0,4.0,1.0,4.0,4.0,1.0,1.0,2.0,1.0,4.0,1.0,1.0,3.0,3.0,47365.824,12139.798,26257.684,0.0
70.0,1.0,1.0,0.0,0.0,0.0,0.0,1.0,0.0,5.0,1.0,1.0,0.0,1.0,5.0,4.0,5.0,5.0,5.0,5.0,1.0,1.0,5.0,5.0,5.0,5.0,5.0,1.0,5.0,5.0,5.0,5.0,5.0,42501.656,5196.51,21953.361,1.0
38.0,0.0,1.0,0.0,0.0,1.0,0.0,4.0,0.0,3.0,4.0,1.0,1.0,0.0,5.0,5.0,4.0,5.0,3.0,5.0,5.0,1.0,3.0,5.0,5.0,5.0,4.0,4.0,1.0,3.0,1.0,1.0,3.0,42905.395,7801.106,18317.43,1.0
56.0,0.0,1.0,0.0,0.0,1.0,0.0,3.0,1.0,4.0,5.0,1.0,0.0,0.0,5.0,5.0,5.0,5.0,2.0,5.0,3.0,3.0,3.0,4.0,4.0,5.0,5.0,3.0,1.0,5.0,4.0,1.0,3.0,49882.461,12526.935,29064.648,0.0
33.0,1.0,1.0,0.0,0.0,0.0,1.0,5.0,2.0,3.0,2.0,1.0,0.0,1.0,5.0,5.0,5.0,5.0,4.0,5.0,5.0,1.0,3.0,5.0,3.0,4.0,5.0,3.0,1.0,5.0,1.0,5.0,1.0,51788.418,14730.145,29829.928,1.0
36.0,0.0,1.0,0.0,0.0,1.0,0.0,3.0,1.0,4.0,3.0,1.0,0.0,1.0,4.0,4.0,4.0,5.0,5.0,5.0,2.0,1.0,3.0,4.0,3.0,4.0,4.0,2.0,2.0,3.0,1.0,3.0,2.0,52147.531,11968.799,31684.154,1.0
44.0,1.0,1.0,0.0,0.0,1.0,0.0,4.0,1.0,2.0,4.0,1.0,0.0,0.0,5.0,3.0,5.0,5.0,3.0,5.0,2.0,1.0,5.0,5.0,2.0,3.0,3.0,3.0,1.0,3.0,1.0,3.0,1.0,48581.27,12111.138,27724.666,1.0
47.0,1.0,1.0,0.0,0.0,1.0,0.0,2.0,0.0,3.0,4.0,1.0,1.0,0.0,5.0,5.0,3.0,3.0,5.0,5.0,2.0,1.0,3.0,4.0,4.0,3.0,3.0,3.0,3.0,3.0,1.0,1.0,1.0,41074.609,4449.696,15889.717,0.0
56.0,1.0,1.0,0.0,0.0,0.0,0.0,2.0,0.0,2.0,2.0,1.0,1.0,0.0,2.0,2.0,2.0,2.0,1.0,5.0,2.0,1.0,2.0,5.0,1.0,2.0,3.0,3.0,1.0,1.0,1.0,1.0,2.0,53656.586,10748.501,32830.84,1.0
67.0,1.0,1.0,0.0,0.0,0.0,0.0,1.0,0.0,4.0,1.0,1.0,1.0,0.0,5.0,5.0,5.0,5.0,2.0,5.0,3.0,1.0,4.0,5.0,5.0,5.0,5.0,3.0,3.0,5.0,1.0,1.0,2.0,42694.539,6094.191,17425.863,1.0
75.0,0.0,1.0,0.0,0.0,1.0,0.0,2.0,0.0,2.0,5.0,1.0,1.0,0.0,3.0,3.0,4.0,5.0,1.0,5.0,5.0,1.0,1.0,4.0,4.0,4.0,4.0,4.0,3.0,4.0,1.0,5.0,5.0,51501.926,15797.092,28581.133,1.0
45.0,0.0,1.0,0.0,0.0,1.0,0.0,2.0,0.0,2.0,1.0,0.0,1.0,0.0,4.0,3.0,4.0,3.0,1.0,5.0,5.0,1.0,3.0,3.0,4.0,1.0,3.0,1.0,4.0,4.0,1.0,3.0,1.0,42546.066,11864.861,21426.689,1.0
52.0,1.0,1.0,0.0,0.0,0.0,0.0,2.0,1.0,4.0,3.0,1.0,1.0,0.0,5.0,5.0,4.0,5.0,3.0,5.0,2.0,1.0,4.0,5.0,4.0,4.0,5.0,3.0,2.0,5.0,1.0,2.0,4.0,45018.563,6397.115,24511.346,1.0
38.0,0.0,1.0,0.0,0.0,0.0,1.0,1.0,0.0,4.0,4.0,1.0,1.0,0.0,5.0,5.0,5.0,4.0,2.0,5.0,5.0,1.0,4.0,5.0,3.0,4.0,5.0,4.0,4.0,5.0,3.0,2.0,2.0,49964.105,12527.147,29174.857,0.0
22.0,1.0,1.0,0.0,0.0,0.0,1.0,2.0,0.0,4.0,4.0,1.0,0.0,1.0,4.0,3.0,2.0,4.0,3.0,3.0,2.0,1.0,3.0,5.0,3.0,4.0,2.0,2.0,1.0,2.0,1.0,1.0,1.0,59115.93,10382.017,34118.637,0.0
39.0,0.0,1.0,0.0,0.0,0.0,1.0,4.0,3.0,2.0,5.0,1.0,0.0,1.0,4.0,4.0,2.0,2.0,1.0,5.0,5.0,1.0,3.0,2.0,2.0,3.0,2.0,1.0,1.0,2.0,1.0,3.0,1.0,56408.832,8253.266,31966.826,1.0
51.0,1.0,1.0,0.0,0.0,0.0,0.0,4.0,2.0,2.0,2.0,1.0,1.0,0.0,4.0,2.0,3.0,3.0,3.0,4.0,2.0,1.0,4.0,3.0,3.0,3.0,3.0,4.0,1.0,4.0,1.0,4.0,3.0,52429.891,6628.267,29397.939,0.0
37.0,1.0,1.0,0.0,0.0,1.0,0.0,2.0,0.0,5.0,3.0,1.0,1.0,0.0,5.0,5.0,4.0,4.0,4.0,4.0,5.0,3.0,2.0,2.0,3.0,3.0,5.0,5.0,5.0,5.0,4.0,1.0,5.0,3518.17,1531.899,3518.17,1.0
31.0,0.0,1.0,0.0,0.0,1.0,0.0,4.0,0.0,4.0,5.0,1.0,0.0,0.0,5.0,3.0,5.0,4.0,4.0,4.0,5.0,3.0,3.0,5.0,3.0,3.0,4.0,4.0,1.0,3.0,3.0,2.0,1.0,2272.281,693.301,2272.281,1.0
29.0,0.0,1.0,0.0,0.0,0.0,0.0,2.0,0.0,3.0,4.0,1.0,0.0,1.0,5.0,5.0,4.0,5.0,4.0,4.0,3.0,1.0,5.0,4.0,4.0,5.0,4.0,1.0,1.0,3.0,1.0,2.0,2.0,40409.617,284.991,13456.589,1.0
22.0,0.0,1.0,0.0,0.0,1.0,0.0,4.0,2.0,3.0,2.0,1.0,0.0,1.0,5.0,4.0,3.0,3.0,3.0,5.0,5.0,4.0,2.0,3.0,2.0,3.0,5.0,5.0,3.0,4.0,1.0,1.0,4.0,131.509,131.509,131.509,1.0
30.0,1.0,1.0,0.0,0.0,1.0,0.0,5.0,3.0,3.0,5.0,1.0,1.0,0.0,4.0,4.0,5.0,4.0,5.0,4.0,5.0,1.0,3.0,4.0,2.0,5.0,3.0,1.0,2.0,1.0,1.0,1.0,1.0,1096.269,837.862,1096.269,1.0
65.0,0.0,0.0,0.0,1.0,1.0,0.0,3.0,0.0,5.0,4.0,1.0,0.0,0.0,5.0,5.0,4.0,4.0,3.0,4.0,4.0,1.0,4.0,4.0,4.0,5.0,3.0,5.0,5.0,2.0,4.0,4.0,4.0,3050.692,1524.896,3050.692,1.0
44.0,0.0,1.0,0.0,0.0,1.0,0.0,4.0,0.0,3.0,4.0,1.0,1.0,0.0,5.0,5.0,5.0,5.0,5.0,5.0,5.0,5.0,5.0,5.0,5.0,5.0,5.0,5.0,5.0,5.0,5.0,5.0,5.0,557.455,557.455,557.455,1.0
78.0,0.0,1.0,0.0,0.0,0.0,0.0,3.0,0.0,5.0,1.0,1.0,1.0,0.0,5.0,1.0,5.0,5.0,5.0,5.0,5.0,1.0,3.0,5.0,1.0,5.0,5.0,5.0,3.0,5.0,5.0,5.0,5.0,154.484,154.484,154.484,1.0
46.0,0.0,1.0,0.0,0.0,1.0,0.0,4.0,1.0,3.0,4.0,1.0,1.0,0.0,5.0,1.0,1.0,5.0,4.0,4.0,4.0,3.0,1.0,1.0,1.0,1.0,3.0,1.0,1.0,1.0,1.0,1.0,1.0,158.499,158.499,158.499,1.0
37.0,1.0,1.0,0.0,0.0,1.0,0.0,5.0,3.0,3.0,5.0,1.0,1.0,0.0,5.0,3.0,5.0,5.0,5.0,5.0,4.0,4.0,3.0,3.0,4.0,4.0,5.0,4.0,3.0,4.0,2.0,5.0,5.0,2799.874,718.687,2799.874,1.0
35.0,1.0,1.0,0.0,0.0,1.0,0.0,4.0,2.0,3.0,1.0,1.0,0.0,1.0,5.0,5.0,5.0,5.0,5.0,5.0,5.0,5.0,5.0,5.0,3.0,5.0,3.0,3.0,3.0,5.0,1.0,3.0,2.0,2601.678,637.409,2601.678,1.0
35.0,1.0,1.0,0.0,0.0,0.0,0.0,4.0,3.0,4.0,4.0,1.0,1.0,0.0,5.0,3.0,5.0,5.0,5.0,4.0,5.0,4.0,4.0,2.0,2.0,3.0,4.0,1.0,3.0,4.0,1.0,1.0,2.0,2666.423,671.661,2666.423,1.0
37.0,1.0,1.0,0.0,0.0,1.0,0.0,4.0,2.0,4.0,5.0,1.0,1.0,0.0,5.0,5.0,4.0,5.0,5.0,5.0,4.0,3.0,4.0,5.0,3.0,4.0,5.0,4.0,3.0,5.0,3.0,3.0,5.0,2631.111,648.258,2631.111,1.0
27.0,1.0,1.0,0.0,0.0,1.0,0.0,4.0,2.0,4.0,5.0,1.0,1.0,0.0,5.0,2.0,5.0,5.0,2.0,5.0,3.0,1.0,4.0,4.0,4.0,5.0,3.0,2.0,1.0,4.0,1.0,1.0,2.0,2790.91,349.926,2790.91,1.0
61.0,0.0,1.0,0.0,0.0,0.0,0.0,1.0,0.0,1.0,4.0,1.0,1.0,0.0,3.0,4.0,1.0,4.0,4.0,5.0,4.0,1.0,1.0,2.0,2.0,1.0,5.0,4.0,2.0,2.0,1.0,1.0,2.0,997.905,609.573,997.905,1.0
41.0,0.0,1.0,0.0,0.0,1.0,0.0,4.0,0.0,2.0,5.0,1.0,1.0,0.0,5.0,1.0,5.0,5.0,5.0,5.0,4.0,4.0,5.0,5.0,5.0,5.0,5.0,1.0,2.0,2.0,2.0,3.0,5.0,997.833,610.841,997.833,1.0
17.0,0.0,0.0,1.0,0.0,1.0,0.0,4.0,1.0,2.0,1.0,0.0,0.0,0.0,1.0,3.0,3.0,2.0,1.0,3.0,5.0,1.0,3.0,4.0,2.0,4.0,3.0,2.0,4.0,5.0,1.0,4.0,3.0,997.959,616.441,997.959,1.0
46.0,0.0,1.0,0.0,0.0,1.0,0.0,6.0,2.0,2.0,2.0,1.0,1.0,0.0,5.0,5.0,2.0,5.0,3.0,4.0,5.0,1.0,3.0,5.0,2.0,3.0,5.0,3.0,1.0,3.0,1.0,1.0,1.0,85.518,85.518,85.518,1.0
44.0,1.0,1.0,0.0,0.0,1.0,0.0,3.0,1.0,2.0,5.0,1.0,1.0,0.0,5.0,1.0,5.0,5.0,5.0,5.0,5.0,4.0,3.0,5.0,3.0,3.0,5.0,1.0,1.0,5.0,3.0,3.0,2.0,42772.18,1803.215,20870.746,1.0
37.0,1.0,1.0,0.0,0.0,1.0,0.0,4.0,2.0,4.0,5.0,1.0,0.0,1.0,5.0,5.0,4.0,5.0,5.0,5.0,3.0,2.0,3.0,3.0,2.0,2.0,5.0,4.0,3.0,4.0,3.0,2.0,1.0,6020.765,214.811,6020.765,1.0
44.0,0.0,1.0,0.0,0.0,1.0,0.0,3.0,1.0,2.0,5.0,1.0,1.0,0.0,5.0,5.0,3.0,2.0,5.0,4.0,4.0,5.0,1.0,5.0,1.0,1.0,5.0,1.0,1.0,1.0,1.0,2.0,1.0,6012.651,210.571,6012.651,1.0
61.0,0.0,1.0,0.0,0.0,1.0,0.0,2.0,0.0,2.0,5.0,1.0,0.0,0.0,5.0,3.0,3.0,4.0,3.0,4.0,1.0,1.0,1.0,3.0,1.0,1.0,3.0,3.0,2.0,2.0,1.0,4.0,5.0,6443.404,632.831,6443.404,1.0
49.0,1.0,1.0,0.0,0.0,1.0,0.0,14.0,5.0,2.0,3.0,1.0,0.0,0.0,4.0,4.0,3.0,4.0,3.0,4.0,3.0,2.0,4.0,4.0,4.0,4.0,4.0,2.0,3.0,4.0,3.0,4.0,4.0,7377.753,494.884,7377.753,1.0
60.0,0.0,1.0,0.0,0.0,1.0,0.0,2.0,0.0,5.0,5.0,1.0,1.0,0.0,5.0,4.0,3.0,4.0,4.0,5.0,5.0,5.0,4.0,3.0,3.0,3.0,5.0,5.0,4.0,4.0,1.0,2.0,4.0,8882.093,1210.804,8882.093,1.0
47.0,0.0,1.0,0.0,0.0,1.0,0.0,4.0,2.0,4.0,5.0,1.0,1.0,0.0,5.0,5.0,4.0,5.0,5.0,4.0,4.0,4.0,4.0,1.0,1.0,4.0,5.0,1.0,1.0,1.0,1.0,3.0,5.0,8839.518,1266.896,8839.518,1.0
53.0,0.0,1.0,0.0,0.0,1.0,0.0,5.0,2.0,3.0,5.0,1.0,1.0,0.0,5.0,2.0,3.0,3.0,2.0,5.0,2.0,2.0,3.0,2.0,2.0,1.0,5.0,4.0,4.0,1.0,1.0,1.0,2.0,8966.041,1174.627,8966.041,1.0
31.0,0.0,1.0,0.0,0.0,1.0,0.0,2.0,2.0,3.0,5.0,1.0,0.0,1.0,5.0,5.0,2.0,3.0,2.0,3.0,3.0,1.0,4.0,5.0,1.0,2.0,5.0,1.0,1.0,3.0,1.0,4.0,1.0,7268.229,226.331,7268.229,1.0
38.0,0.0,1.0,0.0,0.0,1.0,0.0,5.0,3.0,1.0,3.0,1.0,0.0,1.0,5.0,4.0,3.0,5.0,1.0,5.0,4.0,5.0,2.0,5.0,3.0,3.0,3.0,2.0,2.0,1.0,1.0,2.0,2.0,7253.507,212.257,7253.507,1.0
52.0,0.0,0.0,0.0,1.0,1.0,0.0,3.0,1.0,2.0,3.0,0.0,1.0,0.0,5.0,5.0,5.0,5.0,5.0,3.0,1.0,1.0,5.0,5.0,5.0,5.0,5.0,5.0,5.0,5.0,5.0,5.0,5.0,5492.639,112.993,5492.639,1.0
54.0,0.0,0.0,0.0,1.0,1.0,0.0,2.0,0.0,2.0,5.0,1.0,1.0,0.0,5.0,1.0,5.0,5.0,5.0,5.0,3.0,1.0,4.0,1.0,1.0,1.0,5.0,1.0,1.0,1.0,1.0,1.0,1.0,5601.11,110.928,5601.11,1.0
33.0,1.0,1.0,0.0,0.0,1.0,0.0,4.0,2.0,2.0,4.0,1.0,1.0,0.0,5.0,5.0,3.0,3.0,4.0,4.0,4.0,5.0,4.0,5.0,3.0,3.0,3.0,5.0,5.0,5.0,3.0,4.0,1.0,3085.013,882.363,3085.013,1.0
61.0,0.0,1.0,0.0,0.0,1.0,0.0,2.0,0.0,5.0,5.0,1.0,1.0,0.0,5.0,1.0,5.0,5.0,5.0,5.0,5.0,1.0,1.0,1.0,1.0,1.0,5.0,1.0,1.0,1.0,1.0,1.0,3.0,3085.013,882.363,3085.013,1.0
34.0,1.0,1.0,0.0,0.0,1.0,0.0,4.0,2.0,3.0,5.0,1.0,0.0,1.0,5.0,3.0,3.0,4.0,1.0,4.0,4.0,1.0,2.0,4.0,1.0,2.0,4.0,3.0,1.0,1.0,3.0,4.0,2.0,3085.013,882.363,3085.013,1.0
48.0,0.0,1.0,0.0,0.0,1.0,0.0,3.0,1.0,2.0,5.0,1.0,1.0,0.0,5.0,5.0,5.0,5.0,4.0,5.0,5.0,5.0,4.0,5.0,5.0,5.0,5.0,1.0,5.0,5.0,1.0,4.0,4.0,4073.206,1691.895,4073.206,1.0
64.0,1.0,1.0,0.0,0.0,1.0,0.0,2.0,0.0,3.0,1.0,1.0,1.0,0.0,1.0,1.0,1.0,1.0,1.0,1.0,1.0,1.0,1.0,1.0,1.0,1.0,1.0,1.0,1.0,1.0,1.0,1.0,1.0,24171.031,1083.132,2379.647,0.0
43.0,0.0,1.0,0.0,0.0,1.0,0.0,8.0,5.0,3.0,5.0,1.0,1.0,0.0,4.0,4.0,4.0,4.0,5.0,4.0,3.0,3.0,3.0,5.0,2.0,2.0,4.0,4.0,3.0,3.0,1.0,1.0,3.0,24211.785,1024.255,2263.666,1.0
31.0,0.0,1.0,0.0,0.0,1.0,0.0,3.0,1.0,3.0,4.0,1.0,0.0,1.0,5.0,5.0,5.0,5.0,5.0,5.0,4.0,1.0,4.0,4.0,4.0,5.0,5.0,1.0,1.0,5.0,2.0,4.0,1.0,25384.07,969.972,2146.107,1.0
50.0,1.0,1.0,0.0,0.0,1.0,0.0,2.0,0.0,2.0,4.0,1.0,1.0,0.0,4.0,4.0,4.0,5.0,5.0,5.0,3.0,3.0,2.0,5.0,4.0,4.0,4.0,4.0,3.0,5.0,5.0,4.0,3.0,24623.893,1161.03,1161.03,1.0
46.0,0.0,1.0,0.0,0.0,1.0,0.0,4.0,1.0,2.0,2.0,1.0,1.0,0.0,5.0,5.0,5.0,5.0,1.0,5.0,5.0,4.0,5.0,5.0,2.0,5.0,4.0,3.0,3.0,1.0,4.0,3.0,1.0,24990.207,941.596,1943.206,0.0
72.0,0.0,1.0,0.0,0.0,0.0,0.0,1.0,0.0,3.0,1.0,1.0,0.0,1.0,5.0,5.0,3.0,4.0,1.0,5.0,3.0,1.0,1.0,1.0,1.0,2.0,5.0,1.0,1.0,5.0,1.0,4.0,4.0,25005.215,940.072,1950.145,1.0
66.0,0.0,1.0,0.0,0.0,1.0,0.0,2.0,0.0,3.0,3.0,1.0,1.0,0.0,5.0,5.0,5.0,5.0,2.0,5.0,3.0,1.0,5.0,5.0,3.0,5.0,5.0,5.0,5.0,5.0,1.0,5.0,5.0,24807.65,935.256,2388.303,1.0
66.0,0.0,1.0,0.0,0.0,1.0,0.0,2.0,0.0,5.0,2.0,1.0,1.0,0.0,3.0,3.0,3.0,3.0,3.0,5.0,5.0,1.0,2.0,3.0,3.0,3.0,5.0,5.0,4.0,4.0,4.0,5.0,5.0,24106.746,839.639,2803.178,0.0
48.0,1.0,1.0,0.0,0.0,1.0,0.0,3.0,0.0,2.0,5.0,1.0,0.0,1.0,5.0,5.0,5.0,5.0,5.0,5.0,5.0,3.0,5.0,5.0,3.0,5.0,5.0,3.0,5.0,5.0,1.0,1.0,5.0,25041.26,1259.282,1592.476,1.0
44.0,0.0,1.0,0.0,0.0,1.0,0.0,3.0,1.0,3.0,5.0,1.0,1.0,0.0,5.0,5.0,5.0,4.0,5.0,5.0,5.0,5.0,3.0,5.0,1.0,2.0,5.0,5.0,2.0,5.0,4.0,1.0,3.0,23243.627,1009.855,1422.878,1.0
69.0,0.0,0.0,0.0,1.0,0.0,1.0,3.0,0.0,5.0,3.0,1.0,1.0,0.0,5.0,5.0,5.0,5.0,1.0,4.0,1.0,1.0,3.0,5.0,5.0,5.0,5.0,5.0,5.0,4.0,2.0,4.0,5.0,24572.791,974.47,3146.566,1.0
30.0,1.0,1.0,0.0,0.0,1.0,0.0,4.0,2.0,2.0,4.0,1.0,1.0,0.0,4.0,4.0,2.0,3.0,4.0,5.0,5.0,1.0,3.0,4.0,4.0,1.0,3.0,3.0,1.0,1.0,1.0,2.0,4.0,25513.658,739.682,2414.891,0.0
50.0,1.0,0.0,0.0,1.0,1.0,0.0,2.0,0.0,2.0,4.0,1.0,1.0,0.0,5.0,5.0,5.0,2.0,3.0,5.0,3.0,1.0,1.0,1.0,1.0,1.0,5.0,1.0,1.0,1.0,1.0,1.0,1.0,25763.049,178.838,580.548,1.0
48.0,1.0,1.0,0.0,0.0,0.0,1.0,1.0,0.0,3.0,1.0,1.0,1.0,0.0,4.0,3.0,2.0,5.0,5.0,3.0,1.0,1.0,2.0,1.0,1.0,2.0,2.0,4.0,2.0,2.0,1.0,3.0,4.0,25763.063,181.384,576.936,1.0
51.0,0.0,1.0,0.0,0.0,0.0,1.0,1.0,0.0,2.0,5.0,0.0,0.0,0.0,5.0,5.0,4.0,3.0,1.0,4.0,1.0,1.0,1.0,5.0,1.0,1.0,5.0,5.0,4.0,4.0,1.0,1.0,5.0,23799.139,428.774,1898.907,0.0
58.0,0.0,1.0,0.0,0.0,1.0,0.0,2.0,0.0,4.0,5.0,1.0,0.0,0.0,5.0,5.0,5.0,5.0,5.0,5.0,1.0,1.0,1.0,5.0,4.0,5.0,5.0,1.0,1.0,5.0,1.0,5.0,5.0,23883.398,1296.373,1938.912,1.0
53.0,1.0,1.0,0.0,0.0,0.0,0.0,2.0,0.0,3.0,1.0,1.0,0.0,1.0,5.0,5.0,4.0,4.0,4.0,5.0,3.0,1.0,3.0,5.0,2.0,4.0,5.0,3.0,2.0,5.0,1.0,3.0,1.0,23786.973,267.782,3170.429,0.0
55.0,0.0,1.0,0.0,0.0,1.0,0.0,2.0,0.0,2.0,5.0,1.0,1.0,0.0,4.0,4.0,3.0,4.0,4.0,4.0,5.0,1.0,1.0,4.0,2.0,3.0,4.0,5.0,2.0,3.0,1.0,1.0,2.0,24705.031,911.707,1874.548,0.0
48.0,0.0,1.0,0.0,0.0,1.0,0.0,2.0,0.0,2.0,5.0,1.0,1.0,0.0,5.0,5.0,5.0,5.0,4.0,4.0,3.0,3.0,3.0,5.0,5.0,5.0,5.0,4.0,3.0,3.0,2.0,4.0,4.0,29281.996,2643.296,4452.495,0.0
58.0,1.0,1.0,0.0,0.0,0.0,0.0,2.0,0.0,2.0,2.0,1.0,1.0,0.0,5.0,5.0,4.0,5.0,5.0,5.0,3.0,3.0,2.0,5.0,2.0,2.0,2.0,2.0,2.0,3.0,3.0,4.0,3.0,25829.146,2096.561,2622.891,1.0
53.0,1.0,1.0,0.0,0.0,0.0,1.0,2.0,0.0,5.0,3.0,1.0,1.0,0.0,3.0,3.0,4.0,4.0,2.0,5.0,5.0,1.0,2.0,3.0,3.0,3.0,5.0,5.0,3.0,1.0,1.0,5.0,5.0,43160.805,1985.382,23796.965,0.0
39.0,1.0,1.0,0.0,0.0,1.0,0.0,5.0,3.0,2.0,5.0,1.0,1.0,0.0,5.0,2.0,5.0,5.0,3.0,5.0,2.0,1.0,2.0,2.0,2.0,2.0,5.0,3.0,1.0,2.0,1.0,2.0,4.0,33825.289,3047.375,13066.042,1.0
37.0,1.0,1.0,0.0,0.0,1.0,0.0,3.0,1.0,3.0,5.0,1.0,1.0,0.0,3.0,2.0,3.0,3.0,2.0,5.0,5.0,3.0,3.0,2.0,2.0,3.0,4.0,3.0,1.0,3.0,3.0,4.0,5.0,32900.48,3233.07,10236.996,1.0
46.0,0.0,1.0,0.0,0.0,1.0,0.0,2.0,0.0,2.0,5.0,1.0,1.0,0.0,3.0,3.0,2.0,2.0,1.0,3.0,5.0,1.0,1.0,3.0,2.0,2.0,4.0,5.0,1.0,3.0,1.0,1.0,5.0,33350.605,3069.464,12104.415,0.0
35.0,1.0,1.0,0.0,0.0,0.0,1.0,3.0,2.0,1.0,1.0,0.0,0.0,1.0,2.0,2.0,3.0,3.0,1.0,4.0,1.0,1.0,3.0,4.0,1.0,1.0,3.0,4.0,1.0,1.0,1.0,2.0,4.0,35272.605,2024.406,14431.206,0.0
51.0,0.0,1.0,0.0,0.0,1.0,0.0,2.0,0.0,4.0,2.0,1.0,1.0,0.0,5.0,1.0,5.0,5.0,5.0,5.0,5.0,5.0,1.0,1.0,1.0,1.0,5.0,5.0,1.0,1.0,1.0,1.0,3.0,32125.477,4064.818,11671.01,1.0
47.0,0.0,1.0,0.0,0.0,1.0,0.0,3.0,1.0,4.0,5.0,1.0,1.0,0.0,3.0,3.0,2.0,3.0,4.0,2.0,2.0,1.0,1.0,3.0,2.0,1.0,4.0,1.0,1.0,1.0,1.0,1.0,1.0,33289.398,2850.899,10303.419,1.0
42.0,0.0,1.0,0.0,0.0,0.0,1.0,2.0,0.0,2.0,1.0,0.0,0.0,0.0,4.0,1.0,1.0,1.0,1.0,4.0,4.0,4.0,1.0,1.0,1.0,1.0,5.0,5.0,4.0,1.0,1.0,1.0,1.0,29337.512,6901.209,10646.297,0.0
66.0,1.0,1.0,0.0,0.0,1.0,0.0,2.0,0.0,2.0,2.0,1.0,1.0,0.0,5.0,1.0,1.0,1.0,1.0,5.0,4.0,1.0,1.0,1.0,1.0,1.0,4.0,4.0,1.0,2.0,1.0,1.0,1.0,24361.449,1949.455,8964.075,1.0
48.0,0.0,0.0,1.0,0.0,0.0,1.0,3.0,0.0,2.0,4.0,1.0,0.0,0.0,5.0,5.0,5.0,5.0,5.0,5.0,5.0,4.0,5.0,4.0,3.0,4.0,5.0,3.0,1.0,1.0,1.0,3.0,5.0,23585.699,1386.63,1949.623,1.0
75.0,1.0,0.0,1.0,0.0,0.0,0.0,6.0,5.0,4.0,3.0,1.0,0.0,0.0,5.0,4.0,4.0,4.0,3.0,5.0,5.0,1.0,5.0,3.0,5.0,3.0,4.0,5.0,5.0,5.0,1.0,5.0,5.0,23753.801,2232.24,7460.579,1.0
71.0,0.0,1.0,0.0,0.0,1.0,0.0,2.0,0.0,3.0,3.0,1.0,1.0,0.0,5.0,4.0,3.0,1.0,2.0,2.0,4.0,1.0,4.0,5.0,1.0,2.0,4.0,4.0,2.0,2.0,1.0,1.0,5.0,31141.467,4118.053,9357.679,0.0
26.0,0.0,1.0,0.0,0.0,1.0,0.0,2.0,0.0,4.0,5.0,1.0,1.0,0.0,4.0,4.0,3.0,3.0,3.0,4.0,4.0,3.0,2.0,3.0,3.0,2.0,3.0,4.0,1.0,1.0,1.0,1.0,1.0,47312.324,3239.668,27615.506,0.0
52.0,1.0,0.0,1.0,0.0,1.0,0.0,3.0,1.0,5.0,5.0,1.0,1.0,0.0,5.0,1.0,4.0,5.0,5.0,5.0,4.0,1.0,3.0,5.0,5.0,5.0,5.0,3.0,5.0,5.0,5.0,5.0,5.0,50444.594,2777.195,29599.012,0.0
69.0,0.0,1.0,0.0,0.0,1.0,0.0,2.0,0.0,2.0,3.0,1.0,1.0,0.0,4.0,2.0,3.0,3.0,3.0,4.0,2.0,1.0,1.0,2.0,2.0,3.0,3.0,3.0,2.0,2.0,1.0,1.0,5.0,50217.832,3221.329,29728.346,0.0
53.0,1.0,0.0,1.0,0.0,0.0,0.0,3.0,2.0,2.0,3.0,1.0,1.0,0.0,5.0,5.0,3.0,4.0,4.0,5.0,5.0,3.0,4.0,4.0,4.0,5.0,3.0,1.0,2.0,2.0,1.0,3.0,4.0,50104.797,1336.83,27854.727,0.0
49.0,1.0,0.0,1.0,0.0,1.0,0.0,5.0,3.0,3.0,1.0,0.0,1.0,0.0,5.0,5.0,5.0,5.0,1.0,1.0,1.0,1.0,1.0,5.0,5.0,5.0,5.0,5.0,5.0,5.0,5.0,5.0,5.0,42496.492,2017.692,22325.584,1.0
48.0,0.0,0.0,1.0,0.0,1.0,0.0,4.0,1.0,5.0,3.0,1.0,1.0,0.0,1.0,1.0,5.0,2.0,2.0,5.0,5.0,3.0,1.0,4.0,1.0,1.0,3.0,1.0,1.0,4.0,1.0,1.0,1.0,39906.566,8582.824,27458.699,0.0
43.0,1.0,1.0,0.0,0.0,0.0,1.0,3.0,0.0,2.0,5.0,1.0,0.0,0.0,3.0,1.0,4.0,5.0,5.0,5.0,1.0,1.0,1.0,1.0,1.0,1.0,3.0,3.0,1.0,1.0,1.0,1.0,2.0,40277.352,7915.538,27097.994,1.0
82.0,1.0,1.0,0.0,0.0,1.0,0.0,2.0,0.0,3.0,4.0,0.0,0.0,0.0,4.0,4.0,4.0,4.0,3.0,5.0,3.0,1.0,1.0,3.0,2.0,2.0,2.0,5.0,1.0,1.0,1.0,2.0,5.0,46058.168,7846.615,30917.15,0.0
80.0,1.0,1.0,0.0,0.0,1.0,0.0,2.0,0.0,3.0,4.0,1.0,0.0,0.0,2.0,2.0,2.0,4.0,2.0,4.0,2.0,1.0,2.0,2.0,1.0,2.0,5.0,5.0,3.0,3.0,1.0,1.0,2.0,47813.914,9198.045,32796.363,0.0
59.0,0.0,1.0,0.0,0.0,1.0,0.0,2.0,0.0,3.0,5.0,1.0,0.0,0.0,5.0,2.0,4.0,4.0,4.0,4.0,3.0,2.0,4.0,4.0,3.0,4.0,2.0,2.0,2.0,3.0,1.0,1.0,3.0,46977.477,8483.443,31868.371,1.0
52.0,1.0,1.0,0.0,0.0,0.0,0.0,1.0,0.0,3.0,3.0,1.0,1.0,0.0,3.0,4.0,3.0,3.0,1.0,4.0,3.0,1.0,3.0,2.0,2.0,2.0,2.0,4.0,5.0,4.0,4.0,3.0,4.0,46672.848,5004.636,28853.725,0.0
33.0,0.0,1.0,0.0,0.0,0.0,1.0,1.0,0.0,3.0,3.0,1.0,1.0,0.0,5.0,4.0,4.0,4.0,4.0,4.0,4.0,3.0,2.0,4.0,3.0,3.0,3.0,3.0,2.0,3.0,3.0,3.0,4.0,46697.129,5182.117,29010.893,0.0
56.0,1.0,1.0,0.0,0.0,1.0,0.0,2.0,0.0,2.0,5.0,1.0,1.0,0.0,5.0,5.0,1.0,2.0,1.0,5.0,5.0,1.0,1.0,3.0,1.0,1.0,2.0,4.0,2.0,2.0,2.0,1.0,4.0,46977.758,10838.059,33827.422,0.0
46.0,0.0,1.0,0.0,0.0,1.0,0.0,3.0,1.0,4.0,5.0,1.0,1.0,0.0,4.0,1.0,4.0,3.0,1.0,4.0,3.0,4.0,2.0,3.0,2.0,4.0,4.0,1.0,3.0,3.0,1.0,3.0,4.0,47036.098,11015.19,34000.027,1.0
69.0,1.0,1.0,0.0,0.0,0.0,0.0,1.0,0.0,3.0,3.0,1.0,1.0,0.0,3.0,3.0,2.0,2.0,2.0,2.0,1.0,1.0,2.0,2.0,1.0,1.0,3.0,3.0,2.0,2.0,1.0,1.0,1.0,44605.828,10307.816,32241.238,0.0
80.0,1.0,1.0,0.0,0.0,0.0,0.0,1.0,0.0,2.0,1.0,0.0,0.0,0.0,5.0,5.0,5.0,5.0,5.0,5.0,1.0,1.0,5.0,5.0,1.0,5.0,5.0,1.0,1.0,1.0,1.0,1.0,1.0,43886.688,5774.18,27935.217,1.0
28.0,0.0,1.0,0.0,0.0,1.0,0.0,2.0,0.0,4.0,5.0,1.0,1.0,0.0,5.0,5.0,5.0,5.0,4.0,5.0,1.0,2.0,4.0,1.0,4.0,3.0,2.0,1.0,1.0,3.0,1.0,1.0,3.0,54315.371,7055.241,35516.004,1.0
50.0,1.0,1.0,0.0,0.0,1.0,0.0,2.0,0.0,4.0,5.0,1.0,1.0,0.0,5.0,5.0,5.0,5.0,4.0,5.0,5.0,1.0,2.0,5.0,4.0,3.0,5.0,5.0,4.0,5.0,2.0,2.0,5.0,52869.082,6782.633,34402.156,1.0
65.0,0.0,1.0,0.0,0.0,1.0,0.0,2.0,0.0,2.0,3.0,1.0,1.0,0.0,5.0,5.0,5.0,4.0,5.0,4.0,2.0,1.0,2.0,4.0,5.0,4.0,3.0,2.0,5.0,5.0,4.0,5.0,5.0,55118.969,14514.876,41391.609,0.0
32.0,0.0,0.0,1.0,0.0,1.0,0.0,4.0,2.0,4.0,5.0,1.0,0.0,1.0,3.0,1.0,1.0,1.0,5.0,5.0,5.0,1.0,1.0,1.0,1.0,1.0,1.0,1.0,1.0,1.0,1.0,1.0,1.0,42002.281,11887.888,32824.391,1.0
46.0,0.0,1.0,0.0,0.0,0.0,0.0,2.0,1.0,2.0,4.0,1.0,0.0,0.0,3.0,4.0,3.0,3.0,4.0,3.0,1.0,1.0,3.0,4.0,2.0,2.0,2.0,2.0,4.0,3.0,3.0,4.0,4.0,26140.186,14652.755,26140.186,0.0
40.0,0.0,1.0,0.0,0.0,1.0,0.0,3.0,1.0,4.0,4.0,1.0,1.0,0.0,5.0,3.0,2.0,4.0,1.0,4.0,3.0,2.0,3.0,3.0,1.0,1.0,4.0,1.0,1.0,1.0,1.0,1.0,2.0,25872.889,16102.61,25872.889,0.0
39.0,0.0,1.0,0.0,0.0,1.0,0.0,4.0,1.0,2.0,4.0,1.0,0.0,0.0,5.0,5.0,5.0,5.0,1.0,5.0,1.0,1.0,5.0,5.0,5.0,5.0,5.0,3.0,1.0,3.0,5.0,5.0,5.0,25703.076,15697.137,25703.076,1.0
70.0,0.0,1.0,0.0,0.0,1.0,0.0,2.0,0.0,2.0,4.0,1.0,1.0,0.0,4.0,3.0,4.0,5.0,5.0,5.0,2.0,1.0,2.0,3.0,3.0,3.0,3.0,3.0,2.0,1.0,1.0,3.0,4.0,25528.379,13991.922,25528.379,0.0
42.0,1.0,1.0,0.0,0.0,0.0,0.0,3.0,0.0,3.0,3.0,1.0,1.0,0.0,5.0,1.0,5.0,5.0,5.0,5.0,2.0,5.0,5.0,5.0,1.0,5.0,5.0,1.0,1.0,1.0,1.0,4.0,4.0,25088.363,15861.036,25088.363,1.0
44.0,0.0,1.0,0.0,0.0,1.0,0.0,3.0,1.0,2.0,5.0,1.0,1.0,0.0,2.0,1.0,3.0,3.0,1.0,4.0,4.0,4.0,2.0,2.0,2.0,1.0,5.0,5.0,1.0,5.0,3.0,1.0,4.0,25597.252,18315.68,25597.252,0.0
44.0,1.0,1.0,0.0,0.0,0.0,1.0,3.0,0.0,3.0,2.0,1.0,0.0,0.0,5.0,4.0,3.0,4.0,1.0,5.0,2.0,1.0,5.0,3.0,1.0,4.0,4.0,4.0,2.0,2.0,2.0,2.0,4.0,19902.375,15191.153,19902.375,1.0
43.0,1.0,1.0,0.0,0.0,1.0,0.0,5.0,2.0,3.0,5.0,1.0,1.0,0.0,5.0,5.0,4.0,5.0,4.0,5.0,4.0,3.0,4.0,5.0,4.0,4.0,4.0,3.0,2.0,3.0,1.0,2.0,1.0,33862.402,896.992,4756.525,1.0
45.0,0.0,1.0,0.0,0.0,1.0,0.0,4.0,2.0,4.0,5.0,1.0,1.0,0.0,5.0,5.0,4.0,4.0,5.0,5.0,2.0,4.0,2.0,4.0,4.0,3.0,4.0,5.0,2.0,2.0,2.0,1.0,3.0,33014.145,2351.845,3847.646,0.0
54.0,1.0,1.0,0.0,0.0,1.0,0.0,4.0,1.0,4.0,5.0,1.0,1.0,0.0,5.0,5.0,4.0,4.0,4.0,4.0,5.0,2.0,2.0,4.0,3.0,3.0,5.0,2.0,4.0,3.0,1.0,1.0,2.0,32354.859,1566.171,3173.6,1.0
78.0,1.0,1.0,0.0,0.0,1.0,0.0,2.0,0.0,3.0,3.0,1.0,1.0,0.0,5.0,5.0,5.0,5.0,5.0,5.0,5.0,1.0,1.0,5.0,1.0,1.0,5.0,1.0,1.0,1.0,1.0,1.0,1.0,34461.066,828.803,5327.678,1.0
64.0,1.0,1.0,0.0,0.0,1.0,0.0,2.0,0.0,3.0,5.0,1.0,1.0,0.0,4.0,5.0,5.0,5.0,5.0,5.0,3.0,1.0,1.0,1.0,1.0,1.0,4.0,4.0,4.0,5.0,1.0,1.0,5.0,35434.703,2485.9,5325.639,1.0
77.0,0.0,1.0,0.0,0.0,1.0,0.0,2.0,0.0,5.0,5.0,1.0,1.0,0.0,5.0,5.0,4.0,5.0,5.0,5.0,1.0,1.0,1.0,5.0,4.0,2.0,5.0,3.0,2.0,4.0,1.0,1.0,5.0,35586.336,2681.431,5407.104,1.0
24.0,1.0,1.0,0.0,0.0,1.0,0.0,3.0,1.0,2.0,2.0,1.0,0.0,0.0,1.0,1.0,4.0,5.0,1.0,1.0,4.0,1.0,5.0,1.0,4.0,5.0,1.0,1.0,1.0,4.0,3.0,4.0,1.0,33665.418,2031.891,4154.168,1.0
62.0,0.0,1.0,0.0,0.0,0.0,0.0,1.0,0.0,3.0,4.0,1.0,1.0,0.0,4.0,4.0,3.0,3.0,3.0,4.0,2.0,1.0,3.0,2.0,2.0,3.0,4.0,3.0,2.0,2.0,1.0,3.0,3.0,40649.227,805.18,12452.679,0.0
52.0,0.0,0.0,0.0,0.0,1.0,0.0,3.0,0.0,1.0,2.0,1.0,1.0,0.0,4.0,4.0,4.0,4.0,3.0,3.0,3.0,5.0,3.0,4.0,4.0,4.0,4.0,4.0,4.0,4.0,4.0,4.0,4.0,37163.723,238.546,9674.546,0.0
44.0,0.0,1.0,0.0,0.0,1.0,0.0,5.0,3.0,3.0,5.0,1.0,1.0,0.0,5.0,5.0,4.0,4.0,4.0,5.0,4.0,2.0,4.0,4.0,4.0,4.0,3.0,3.0,2.0,5.0,3.0,4.0,5.0,34534.754,241.374,4954.503,1.0
37.0,1.0,0.0,1.0,0.0,0.0,1.0,5.0,3.0,5.0,1.0,0.0,0.0,0.0,5.0,5.0,5.0,5.0,5.0,5.0,5.0,5.0,5.0,5.0,5.0,5.0,5.0,1.0,5.0,5.0,5.0,1.0,5.0,40404.914,257.039,13472.279,1.0
49.0,1.0,1.0,0.0,0.0,0.0,0.0,5.0,2.0,3.0,2.0,1.0,0.0,1.0,5.0,5.0,5.0,5.0,5.0,1.0,4.0,1.0,1.0,1.0,1.0,1.0,1.0,1.0,1.0,1.0,1.0,5.0,5.0,38830.582,695.087,10505.011,1.0
35.0,0.0,1.0,0.0,0.0,1.0,0.0,2.0,0.0,5.0,1.0,1.0,0.0,1.0,5.0,5.0,5.0,5.0,5.0,5.0,1.0,1.0,1.0,5.0,4.0,1.0,5.0,1.0,1.0,4.0,1.0,1.0,1.0,38681.02,1797.588,8618.198,1.0
64.0,1.0,1.0,0.0,0.0,0.0,0.0,3.0,0.0,3.0,3.0,1.0,1.0,0.0,1.0,1.0,4.0,5.0,4.0,4.0,1.0,1.0,1.0,1.0,1.0,1.0,1.0,1.0,1.0,1.0,1.0,1.0,4.0,37287.789,1142.633,9038.344,1.0
30.0,0.0,1.0,0.0,0.0,0.0,1.0,1.0,0.0,5.0,3.0,1.0,1.0,0.0,2.0,2.0,2.0,3.0,4.0,5.0,3.0,3.0,5.0,4.0,1.0,5.0,5.0,4.0,2.0,3.0,2.0,4.0,5.0,40255.504,798.385,12381.036,1.0
70.0,0.0,1.0,0.0,0.0,1.0,0.0,2.0,0.0,5.0,5.0,1.0,1.0,0.0,4.0,2.0,4.0,3.0,3.0,2.0,1.0,4.0,3.0,4.0,3.0,3.0,2.0,2.0,2.0,2.0,2.0,1.0,4.0,41045.84,651.401,12760.661,0.0
47.0,0.0,1.0,0.0,0.0,1.0,0.0,3.0,0.0,3.0,5.0,1.0,1.0,0.0,4.0,4.0,3.0,4.0,2.0,4.0,3.0,1.0,2.0,3.0,1.0,1.0,2.0,3.0,3.0,4.0,2.0,2.0,3.0,42225.195,634.677,13322.768,0.0
54.0,0.0,1.0,0.0,0.0,1.0,0.0,2.0,0.0,4.0,5.0,1.0,1.0,0.0,4.0,4.0,4.0,4.0,4.0,4.0,3.0,2.0,4.0,3.0,3.0,3.0,4.0,4.0,2.0,2.0,2.0,2.0,2.0,35887.914,223.434,6765.165,1.0
51.0,1.0,1.0,0.0,0.0,0.0,0.0,8.0,4.0,2.0,1.0,1.0,0.0,1.0,4.0,4.0,3.0,4.0,1.0,5.0,5.0,1.0,3.0,4.0,2.0,3.0,3.0,3.0,4.0,4.0,5.0,5.0,5.0,54972.996,15243.896,25013.0,1.0
45.0,0.0,1.0,0.0,0.0,1.0,0.0,5.0,2.0,3.0,5.0,1.0,0.0,0.0,5.0,5.0,5.0,5.0,5.0,5.0,5.0,5.0,1.0,5.0,5.0,5.0,1.0,1.0,3.0,3.0,1.0,1.0,5.0,43756.664,2755.882,14362.363,1.0
54.0,0.0,1.0,0.0,0.0,1.0,0.0,2.0,0.0,4.0,5.0,1.0,1.0,0.0,4.0,4.0,3.0,1.0,1.0,3.0,1.0,1.0,1.0,3.0,2.0,1.0,5.0,5.0,3.0,2.0,1.0,1.0,1.0,53860.227,14203.544,23952.625,0.0
35.0,1.0,1.0,0.0,0.0,1.0,0.0,3.0,1.0,3.0,5.0,1.0,0.0,0.0,3.0,4.0,4.0,4.0,2.0,5.0,5.0,2.0,3.0,3.0,1.0,5.0,1.0,3.0,3.0,3.0,1.0,2.0,3.0,48903.117,3492.562,28474.846,1.0
63.0,1.0,1.0,0.0,0.0,0.0,0.0,1.0,0.0,2.0,3.0,1.0,1.0,0.0,2.0,2.0,2.0,1.0,1.0,5.0,1.0,1.0,3.0,4.0,1.0,4.0,3.0,4.0,1.0,1.0,1.0,1.0,1.0,27596.84,3233.519,3617.947,1.0
64.0,1.0,1.0,0.0,0.0,1.0,0.0,2.0,0.0,3.0,2.0,1.0,0.0,1.0,5.0,1.0,5.0,5.0,4.0,5.0,5.0,1.0,4.0,4.0,3.0,4.0,4.0,4.0,4.0,4.0,1.0,1.0,1.0,55686.594,14931.4,26014.918,1.0
41.0,1.0,1.0,0.0,0.0,1.0,0.0,4.0,2.0,4.0,5.0,1.0,1.0,0.0,5.0,5.0,2.0,1.0,5.0,5.0,5.0,2.0,4.0,1.0,1.0,1.0,1.0,4.0,2.0,2.0,1.0,1.0,1.0,49426.652,5445.336,21110.73,1.0
51.0,0.0,0.0,1.0,0.0,1.0,0.0,3.0,1.0,4.0,5.0,1.0,0.0,0.0,5.0,5.0,5.0,5.0,5.0,5.0,5.0,1.0,4.0,5.0,4.0,5.0,4.0,4.0,3.0,3.0,3.0,3.0,3.0,44057.23,2081.706,15765.113,1.0
49.0,0.0,1.0,0.0,0.0,1.0,0.0,4.0,2.0,3.0,5.0,1.0,1.0,0.0,4.0,1.0,1.0,1.0,1.0,1.0,4.0,1.0,1.0,1.0,1.0,1.0,4.0,1.0,1.0,1.0,1.0,1.0,1.0,52336.582,13061.681,22175.375,0.0
46.0,0.0,1.0,0.0,0.0,1.0,0.0,3.0,0.0,2.0,5.0,1.0,1.0,0.0,5.0,5.0,4.0,4.0,2.0,5.0,3.0,1.0,1.0,5.0,3.0,3.0,3.0,5.0,5.0,5.0,4.0,2.0,5.0,55971.625,8295.328,26492.711,0.0
51.0,0.0,1.0,0.0,0.0,1.0,0.0,2.0,0.0,3.0,5.0,1.0,1.0,0.0,3.0,3.0,3.0,5.0,3.0,1.0,5.0,2.0,2.0,3.0,1.0,1.0,3.0,5.0,5.0,5.0,5.0,5.0,5.0,52305.672,6871.554,22959.322,1.0
64.0,0.0,1.0,0.0,0.0,1.0,0.0,3.0,0.0,2.0,4.0,1.0,0.0,0.0,1.0,1.0,3.0,2.0,2.0,4.0,1.0,1.0,1.0,4.0,1.0,1.0,5.0,5.0,3.0,2.0,1.0,1.0,5.0,44710.289,5392.76,15255.628,0.0
43.0,0.0,1.0,0.0,0.0,1.0,0.0,4.0,1.0,2.0,5.0,1.0,1.0,0.0,3.0,3.0,3.0,4.0,2.0,4.0,4.0,3.0,1.0,2.0,3.0,3.0,2.0,2.0,1.0,3.0,1.0,1.0,5.0,48724.77,9674.783,18448.645,1.0
41.0,1.0,1.0,0.0,0.0,1.0,0.0,3.0,1.0,2.0,4.0,1.0,1.0,0.0,4.0,3.0,4.0,4.0,5.0,5.0,2.0,1.0,2.0,3.0,4.0,3.0,4.0,4.0,4.0,4.0,2.0,1.0,4.0,46285.953,6344.583,16537.947,0.0
44.0,0.0,1.0,0.0,0.0,1.0,0.0,4.0,2.0,2.0,3.0,1.0,1.0,0.0,4.0,4.0,3.0,4.0,1.0,4.0,4.0,1.0,1.0,4.0,1.0,1.0,1.0,1.0,2.0,3.0,2.0,2.0,3.0,58139.031,10216.968,28142.984,1.0
51.0,1.0,1.0,0.0,0.0,1.0,0.0,3.0,0.0,3.0,3.0,1.0,1.0,0.0,5.0,5.0,3.0,2.0,1.0,4.0,3.0,5.0,1.0,1.0,1.0,1.0,3.0,5.0,5.0,5.0,5.0,5.0,5.0,50945.957,5390.384,22574.15,0.0
43.0,1.0,0.0,0.0,1.0,0.0,0.0,3.0,2.0,1.0,2.0,0.0,0.0,0.0,3.0,3.0,4.0,4.0,5.0,5.0,5.0,1.0,4.0,3.0,4.0,4.0,3.0,3.0,4.0,4.0,3.0,3.0,3.0,51724.707,11956.642,21314.82,0.0
76.0,1.0,1.0,0.0,0.0,0.0,0.0,1.0,0.0,4.0,3.0,1.0,1.0,0.0,4.0,3.0,3.0,3.0,4.0,4.0,1.0,1.0,4.0,3.0,1.0,2.0,4.0,4.0,3.0,4.0,1.0,3.0,4.0,49715.176,8438.05,19688.275,0.0
76.0,0.0,1.0,0.0,0.0,1.0,0.0,2.0,0.0,3.0,3.0,1.0,1.0,0.0,5.0,5.0,5.0,5.0,3.0,3.0,5.0,1.0,1.0,1.0,1.0,1.0,5.0,1.0,3.0,3.0,1.0,1.0,3.0,47405.898,6115.429,17790.59,1.0
32.0,1.0,1.0,0.0,0.0,1.0,0.0,5.0,3.0,3.0,3.0,1.0,0.0,1.0,4.0,4.0,3.0,4.0,2.0,3.0,3.0,2.0,3.0,4.0,3.0,3.0,4.0,4.0,3.0,3.0,3.0,5.0,4.0,50283.789,9864.936,20054.027,1.0
49.0,1.0,1.0,0.0,0.0,1.0,0.0,4.0,0.0,4.0,5.0,1.0,1.0,0.0,4.0,5.0,2.0,5.0,3.0,5.0,4.0,1.0,2.0,5.0,2.0,1.0,4.0,1.0,1.0,1.0,1.0,1.0,1.0,33160.016,1914.266,4401.031,1.0
45.0,0.0,1.0,0.0,0.0,1.0,0.0,5.0,2.0,3.0,5.0,1.0,1.0,0.0,5.0,5.0,3.0,3.0,3.0,3.0,4.0,4.0,1.0,4.0,1.0,1.0,4.0,5.0,4.0,4.0,1.0,1.0,5.0,25653.34,1964.659,2535.414,0.0
53.0,1.0,1.0,0.0,0.0,1.0,0.0,3.0,0.0,3.0,5.0,1.0,1.0,0.0,5.0,5.0,4.0,5.0,5.0,5.0,4.0,4.0,3.0,1.0,1.0,3.0,3.0,3.0,3.0,3.0,1.0,1.0,3.0,28905.766,3246.391,4842.943,1.0
52.0,0.0,0.0,0.0,0.0,1.0,0.0,5.0,1.0,3.0,5.0,1.0,1.0,0.0,1.0,1.0,4.0,3.0,4.0,4.0,3.0,3.0,4.0,1.0,2.0,2.0,3.0,3.0,4.0,4.0,2.0,2.0,5.0,26742.207,2355.154,2964.593,0.0
45.0,1.0,1.0,0.0,0.0,1.0,0.0,3.0,1.0,3.0,5.0,1.0,1.0,0.0,5.0,2.0,4.0,5.0,5.0,5.0,4.0,3.0,3.0,4.0,4.0,4.0,4.0,3.0,3.0,3.0,3.0,2.0,4.0,33173.762,4041.186,14273.356,1.0
39.0,1.0,1.0,0.0,0.0,1.0,0.0,4.0,2.0,4.0,5.0,1.0,1.0,0.0,5.0,2.0,4.0,5.0,5.0,5.0,2.0,3.0,3.0,4.0,4.0,4.0,3.0,3.0,3.0,4.0,1.0,1.0,4.0,32982.504,3343.953,11957.734,1.0
47.0,0.0,1.0,0.0,0.0,1.0,0.0,4.0,2.0,3.0,5.0,1.0,1.0,0.0,5.0,5.0,5.0,5.0,5.0,5.0,5.0,4.0,3.0,4.0,3.0,2.0,3.0,1.0,2.0,2.0,1.0,2.0,2.0,34871.906,50.182,5663.371,1.0
56.0,0.0,1.0,0.0,0.0,1.0,0.0,2.0,0.0,3.0,2.0,1.0,1.0,0.0,2.0,4.0,5.0,5.0,5.0,5.0,4.0,1.0,1.0,5.0,5.0,5.0,5.0,4.0,5.0,4.0,1.0,4.0,5.0,25019.51,1535.665,2153.534,1.0
30.0,1.0,0.0,1.0,0.0,0.0,1.0,3.0,1.0,3.0,2.0,1.0,0.0,0.0,5.0,4.0,5.0,5.0,5.0,5.0,5.0,3.0,5.0,5.0,3.0,3.0,3.0,3.0,1.0,3.0,3.0,3.0,4.0,24125.961,658.829,1214.119,1.0
64.0,1.0,0.0,0.0,1.0,0.0,0.0,1.0,0.0,2.0,1.0,1.0,1.0,0.0,5.0,4.0,5.0,5.0,1.0,5.0,5.0,1.0,5.0,5.0,4.0,5.0,5.0,5.0,5.0,5.0,1.0,5.0,5.0,26325.916,3838.757,4384.338,1.0
42.0,1.0,0.0,0.0,0.0,0.0,0.0,3.0,1.0,3.0,1.0,0.0,0.0,0.0,5.0,5.0,5.0,5.0,3.0,5.0,5.0,1.0,1.0,4.0,5.0,5.0,3.0,3.0,4.0,4.0,4.0,5.0,3.0,23394.617,1150.308,1725.873,1.0
45.0,0.0,0.0,1.0,0.0,1.0,0.0,4.0,2.0,3.0,5.0,1.0,1.0,0.0,4.0,4.0,5.0,5.0,5.0,5.0,4.0,2.0,3.0,4.0,4.0,4.0,3.0,4.0,5.0,5.0,2.0,2.0,3.0,23435.664,133.924,675.778,1.0
44.0,1.0,1.0,0.0,0.0,1.0,0.0,3.0,0.0,4.0,5.0,1.0,1.0,0.0,5.0,4.0,3.0,5.0,5.0,5.0,3.0,2.0,3.0,2.0,1.0,2.0,4.0,5.0,1.0,2.0,1.0,1.0,5.0,30844.115,7801.298,29931.566,1.0
53.0,1.0,1.0,0.0,0.0,1.0,0.0,2.0,0.0,3.0,5.0,1.0,1.0,0.0,5.0,1.0,2.0,5.0,5.0,3.0,3.0,1.0,2.0,1.0,1.0,2.0,3.0,1.0,1.0,1.0,1.0,1.0,1.0,33390.742,10102.563,31472.227,1.0
50.0,1.0,1.0,0.0,0.0,1.0,0.0,2.0,0.0,5.0,5.0,1.0,1.0,0.0,3.0,3.0,3.0,3.0,5.0,5.0,5.0,4.0,4.0,2.0,3.0,3.0,3.0,3.0,3.0,3.0,1.0,1.0,1.0,47516.27,7142.674,30963.742,0.0
80.0,0.0,1.0,0.0,0.0,1.0,0.0,2.0,0.0,3.0,5.0,1.0,1.0,0.0,5.0,5.0,4.0,4.0,2.0,4.0,4.0,1.0,1.0,2.0,1.0,3.0,1.0,1.0,3.0,3.0,1.0,1.0,1.0,52651.891,8326.729,35391.32,0.0
49.0,0.0,1.0,0.0,0.0,1.0,0.0,2.0,0.0,2.0,4.0,1.0,0.0,0.0,3.0,3.0,3.0,1.0,1.0,5.0,1.0,1.0,1.0,3.0,1.0,1.0,3.0,5.0,1.0,1.0,1.0,1.0,1.0,34522.969,293.797,5328.114,0.0
56.0,0.0,1.0,0.0,0.0,1.0,0.0,2.0,0.0,3.0,5.0,1.0,1.0,0.0,4.0,4.0,3.0,5.0,4.0,5.0,4.0,3.0,1.0,4.0,3.0,3.0,3.0,1.0,2.0,2.0,1.0,1.0,5.0,44892.461,1802.233,25177.736,1.0
36.0,1.0,0.0,0.0,1.0,1.0,0.0,4.0,2.0,3.0,5.0,1.0,1.0,0.0,4.0,3.0,3.0,3.0,3.0,3.0,2.0,1.0,4.0,4.0,1.0,5.0,1.0,3.0,1.0,3.0,5.0,5.0,5.0,54908.984,15380.504,24898.563,1.0
75.0,0.0,1.0,0.0,0.0,1.0,0.0,2.0,0.0,4.0,3.0,1.0,1.0,0.0,4.0,4.0,4.0,4.0,4.0,4.0,4.0,4.0,3.0,4.0,4.0,4.0,4.0,4.0,5.0,5.0,4.0,4.0,4.0,33617.43,2543.992,3848.559,1.0
