male,r_white,r_black,r_hispanic,r_asian,r_native,have_child,income_above_4k,college_edu,ht_single_fam,ht_mobile,ht_condo,coast_dist,elevation,issued_mandatory,issued_voluntary,evac
1,0,1,0,0,0,0.0,1.0,1,1,0,0,1.8054844338,0.0,0,1,0
1,1,0,0,0,0,0.0,0.0,0,1,0,0,10.5469708099,0.0,0,1,0
0,1,0,0,0,0,0.0,1.0,0,1,0,0,5.59795263816,3.2,0,1,0
0,1,0,0,0,0,0.0,0.0,0,1,0,0,8.90677460423,-5.4,0,1,0
1,1,0,0,0,0,0.0,1.0,0,1,0,0,6.16393371489,0.0,0,0,0
1,1,0,0,0,0,0.0,0.0,0,1,0,0,6.90006830956,2.0,1,0,1
1,1,0,0,0,0,0.0,1.0,0,0,1,0,5.08061049195,20.3,0,0,0
1,1,0,0,0,0,1.0,1.0,0,1,0,0,2.09022190259,3.6,0,0,1
0,1,0,0,0,0,0.0,1.0,0,1,0,0,0.912623878528,0.2,0,0,0
1,1,0,0,0,0,1.0,0.0,1,0,0,1,18.0436763177,0.0,1,0,0
1,1,0,0,0,0,0.0,0.0,0,1,0,0,7.84862525478,4.9,0,1,1
0,1,0,0,0,0,0.0,1.0,0,1,0,0,7.36217817152,4.9,0,0,0
0,1,0,0,0,0,0.0,1.0,1,1,0,0,0.912623878528,0.2,0,0,0
0,0,1,0,0,0,0.0,0.0,0,1,0,0,5.96156828097,2.8,0,0,0
1,0,1,0,0,0,1.0,1.0,0,0,1,0,4.19268340617,3.1,1,0,1
1,1,0,0,0,0,0.0,1.0,0,1,0,0,9.30617167755,3.8,0,0,0
0,1,0,0,0,0,1.0,1.0,1,1,0,0,14.6773700831,0.0,1,0,0
0,1,0,0,0,0,0.0,1.0,0,1,0,0,4.19268340617,3.1,1,0,1
0,1,0,0,0,0,0.0,0.0,0,1,0,0,7.36217817152,4.9,0,0,1
0,1,0,0,0,0,0.0,1.0,0,1,0,0,6.36782842395,2.3,1,0,1
0,1,0,0,0,0,0.0,1.0,1,1,0,0,7.34192503794,5.4,0,1,1
0,1,0,0,0,0,0.0,1.0,1,1,0,0,5.59795263816,3.2,0,1,1
0,1,0,0,0,0,0.0,1.0,0,1,0,0,1.74768869467,1.5,0,0,1
0,1,0,0,0,0,0.0,1.0,1,0,0,1,5.57286077742,2.9,0,1,1
1,1,0,0,0,0,0.0,0.0,1,1,0,0,7.36217817152,4.9,0,0,0
0,0,1,0,0,0,1.0,0.0,0,0,0,0,6.36782842395,2.3,1,0,1
1,0,1,0,0,0,1.0,1.0,0,0,1,0,0.912623878528,0.2,0,0,1
0,1,0,0,0,0,0.0,0.0,1,1,0,0,1.55418524956,0.0,0,1,0
1,1,0,0,0,0,0.0,1.0,0,1,0,0,13.4423293954,1.2,0,0,0
1,1,0,0,0,0,0.0,1.0,0,1,0,0,14.6773700831,0.0,1,0,1
1,0,1,0,0,0,0.0,0.0,0,1,0,0,13.1293674202,4.2,0,1,1
0,1,0,0,0,0,0.0,1.0,1,1,0,0,1.80869149098,0.0,0,1,0
0,1,0,0,0,0,0.0,0.0,0,1,0,0,18.0436763177,0.0,1,0,1
1,1,0,0,0,0,1.0,1.0,0,1,0,0,10.6333456201,40.8,0,0,0
0,1,0,0,0,0,1.0,1.0,1,1,0,0,18.416482176,113.1,0,0,0
0,1,0,0,0,0,1.0,1.0,0,1,0,0,4.39563139626,0.0,0,0,1
0,1,0,0,0,0,1.0,0.0,0,0,1,0,4.19268340617,3.1,1,0,1
1,1,0,0,0,0,0.0,0.0,0,0,1,0,4.19268340617,3.1,1,0,1
0,1,0,0,0,0,1.0,1.0,0,1,0,0,5.60284334183,5.9,1,0,1
0,1,0,0,0,0,0.0,1.0,0,1,0,0,10.6333456201,40.8,0,0,0
1,1,0,0,0,0,0.0,0.0,0,1,0,0,6.02854652214,0.9,0,0,1
0,0,1,0,0,0,0.0,1.0,0,1,0,0,13.4423293954,1.2,0,0,0
0,0,1,0,0,0,0.0,0.0,0,0,0,1,4.259396922,1.1,0,1,0
1,1,0,0,0,0,0.0,1.0,1,1,0,0,0.912623878528,0.2,0,0,0
0,1,0,0,0,0,0.0,1.0,0,1,0,0,0.912623878528,0.2,0,0,0
0,1,0,0,0,0,0.0,0.0,0,1,0,0,5.60284334183,5.9,1,0,1
1,1,0,0,0,0,0.0,1.0,0,1,0,0,1.23806778218,0.0,1,0,0
0,1,0,0,0,0,0.0,1.0,0,1,0,0,1.55418524956,0.0,0,1,0
0,0,1,0,0,0,0.0,0.0,0,0,0,1,13.1293674202,4.2,0,1,1
1,1,0,0,0,0,1.0,1.0,1,1,0,0,2.39959255124,9.1,0,0,0
0,1,0,0,0,0,0.0,1.0,0,1,0,0,6.02854652214,0.9,0,0,1
1,1,0,0,0,0,0.0,1.0,1,1,0,0,6.36782842395,2.3,1,0,1
1,1,0,0,0,0,1.0,1.0,1,0,0,1,7.34192503794,5.4,0,1,1
1,1,0,0,0,0,0.0,1.0,0,0,1,0,1.23806778218,0.0,1,0,1
1,1,0,0,0,0,1.0,1.0,1,1,0,0,15.2260017144,1.3,1,0,1
0,1,0,0,0,0,0.0,0.0,0,1,0,0,8.90677460423,-5.4,0,1,1
0,1,0,0,0,0,1.0,1.0,1,1,0,0,0.912623878528,0.2,0,0,0
1,1,0,0,0,0,0.0,1.0,0,1,0,0,15.2260017144,1.3,1,0,1
0,1,0,0,0,0,0.0,0.0,1,1,0,0,3.00920743897,21.0,0,0,1
1,0,0,1,0,0,1.0,0.0,0,0,0,1,7.36217817152,4.9,0,0,1
1,1,0,0,0,0,0.0,1.0,0,1,0,0,1.23806778218,0.0,1,0,0
1,1,0,0,0,0,0.0,1.0,1,1,0,0,1.59409442352,0.0,0,1,0
1,1,0,0,0,0,1.0,1.0,0,1,0,0,0.912623878528,0.2,0,0,0
1,1,0,0,0,0,0.0,1.0,0,0,1,0,13.3045470867,1.3,1,0,1
0,1,0,0,0,0,0.0,0.0,0,1,0,0,0.912623878528,0.2,0,0,0
0,1,0,0,0,0,1.0,1.0,1,1,0,0,15.2260017144,1.3,1,0,1
0,1,0,0,0,0,1.0,0.0,0,0,1,0,18.0436763177,0.0,1,0,1
1,0,0,0,0,0,0.0,1.0,0,1,0,0,4.259396922,1.1,0,1,0
1,1,0,0,0,0,1.0,0.0,0,1,0,0,10.5469708099,0.0,0,1,1
0,0,1,0,0,0,0.0,1.0,1,1,0,0,1.59409442352,0.0,0,1,1
1,1,0,0,0,0,0.0,0.0,0,1,0,0,7.36217817152,4.9,0,0,1
0,1,0,0,0,0,0.0,0.0,0,1,0,0,7.36217817152,4.9,0,0,0
0,1,0,0,0,0,0.0,0.0,0,1,0,0,2.80785569976,0.0,0,1,1
0,1,0,0,0,0,0.0,0.0,0,0,1,0,5.96156828097,2.8,0,0,0
0,0,1,0,0,0,1.0,0.0,0,0,0,1,8.79134649774,1.0,0,1,0
0,0,1,0,0,0,0.0,1.0,0,1,0,0,5.08061049195,20.3,0,0,0
0,1,0,0,0,0,0.0,1.0,0,1,0,0,0.912623878528,0.2,0,0,0
0,1,0,0,0,0,0.0,1.0,0,0,0,1,7.34192503794,5.4,0,1,0
1,1,0,0,0,0,0.0,1.0,0,1,0,0,0.912623878528,0.2,0,0,1
0,1,0,0,0,0,1.0,1.0,1,1,0,0,3.00920743897,21.0,0,0,1
1,1,0,0,0,0,0.0,1.0,1,1,0,0,4.19268340617,3.1,1,0,1
0,0,0,0,0,0,0.0,0.0,0,1,0,0,2.09022190259,3.6,0,0,0
1,1,0,0,0,0,0.0,0.0,0,0,0,1,7.36217817152,4.9,0,0,0
0,1,0,0,0,0,0.0,1.0,1,1,0,0,5.59795263816,3.2,0,1,1
0,1,0,0,0,0,1.0,0.0,1,1,0,0,7.84862525478,4.9,0,1,0
0,1,0,0,0,0,1.0,0.0,0,1,0,0,15.2260017144,1.3,1,0,1
1,1,0,0,0,0,0.0,1.0,0,1,0,0,14.6773700831,0.0,1,0,1
1,1,0,0,0,0,1.0,0.0,0,1,0,0,9.30617167755,3.8,0,0,0
1,0,0,0,0,0,0.0,0.0,0,1,0,0,2.94808433601,0.0,0,1,0
1,1,0,0,0,0,0.0,1.0,1,1,0,0,2.94808433601,0.0,0,1,1
1,1,0,0,0,0,0.0,1.0,1,1,0,0,1.90705057892,0.0,0,1,1
1,1,0,0,0,0,0.0,1.0,0,1,0,0,15.2260017144,1.3,1,0,1
0,1,0,0,0,0,0.0,1.0,1,1,0,0,14.6773700831,0.0,1,0,1
1,1,0,0,0,0,0.0,1.0,0,1,0,0,14.6773700831,0.0,1,0,1
1,1,0,0,0,0,0.0,1.0,0,1,0,0,3.00920743897,21.0,0,0,0
0,1,0,0,0,0,0.0,0.0,0,1,0,0,6.90006830956,2.0,1,0,1
0,1,0,0,0,0,0.0,1.0,0,1,0,0,6.36782842395,2.3,1,0,1
0,1,0,0,0,0,0.0,0.0,0,0,0,1,7.34192503794,5.4,0,1,0
1,1,0,0,0,0,0.0,0.0,0,1,0,0,7.36217817152,4.9,0,0,1
1,1,0,0,0,0,0.0,1.0,0,1,0,0,1.74768869467,1.5,0,0,0
1,1,0,0,0,0,0.0,0.0,1,1,0,0,0.912623878528,0.2,0,0,1
0,1,0,0,0,0,0.0,1.0,0,1,0,0,7.36217817152,4.9,0,0,0
1,1,0,0,0,0,0.0,1.0,1,1,0,0,2.94808433601,0.0,0,1,1
0,1,0,0,0,0,0.0,1.0,1,1,0,0,5.59795263816,3.2,0,1,1
0,1,0,0,0,0,0.0,1.0,1,1,0,0,6.36782842395,2.3,1,0,1
1,1,0,0,0,0,0.0,0.0,0,1,0,0,2.09022190259,3.6,0,0,1
1,1,0,0,0,0,1.0,1.0,0,1,0,0,0.912623878528,0.2,0,0,0
1,0,0,1,0,0,1.0,1.0,1,1,0,0,2.09022190259,3.6,0,0,0
0,1,0,0,0,0,0.0,0.0,0,1,0,0,18.0436763177,0.0,1,0,1
1,1,0,0,0,0,1.0,1.0,1,1,0,0,14.6773700831,0.0,1,0,1
0,0,0,1,0,0,1.0,0.0,0,1,0,0,3.03412296034,14.6,0,0,1
0,1,0,0,0,0,0.0,0.0,0,1,0,0,0.912623878528,0.2,0,0,1
0,0,1,0,0,0,0.0,0.0,0,0,0,1,4.98490422396,1.1,0,1,0
1,1,0,0,0,0,0.0,1.0,1,1,0,0,6.36782842395,2.3,1,0,0
1,1,0,0,0,0,1.0,0.0,0,1,0,0,14.6773700831,0.0,1,0,0
1,1,0,0,0,0,0.0,0.0,0,1,0,0,13.4423293954,1.2,0,0,0
0,1,0,0,0,0,0.0,1.0,0,1,0,0,4.19268340617,3.1,1,0,1
0,1,0,0,0,0,1.0,1.0,1,1,0,0,8.79134649774,1.0,0,1,1
0,1,0,0,0,0,1.0,1.0,0,1,0,0,7.36217817152,4.9,0,0,1
1,1,0,0,0,0,0.0,0.0,0,1,0,0,7.36217817152,4.9,0,0,0
0,0,0,1,0,0,0.0,1.0,1,1,0,0,5.60284334183,5.9,1,0,1
1,1,0,0,0,0,1.0,1.0,0,1,0,0,5.60284334183,5.9,1,0,1
1,1,0,0,0,0,0.0,1.0,1,1,0,0,5.59795263816,3.2,0,1,1
1,0,0,0,1,0,1.0,1.0,1,1,0,0,3.03412296034,14.6,0,0,0
1,1,0,0,0,0,0.0,0.0,0,1,0,0,15.8039730413,141.8,0,0,0
1,1,0,0,0,0,1.0,0.0,0,0,1,0,4.19268340617,3.1,1,0,1
0,1,0,0,0,0,1.0,0.0,0,1,0,0,6.16393371489,0.0,0,0,0
1,1,0,0,0,0,0.0,1.0,1,1,0,0,9.30617167755,3.8,0,0,1
1,1,0,0,0,0,1.0,1.0,1,1,0,0,0.912623878528,0.2,0,0,1
1,1,0,0,0,0,0.0,1.0,0,1,0,0,7.84862525478,4.9,0,1,0
1,1,0,0,0,0,0.0,1.0,0,0,0,1,1.74768869467,1.5,0,0,0
1,0,0,0,0,0,0.0,1.0,1,1,0,0,3.68808193045,0.0,0,1,1
1,1,0,0,0,0,0.0,1.0,0,1,0,0,14.6773700831,0.0,1,0,0
1,0,1,0,0,0,1.0,1.0,0,1,0,0,5.08061049195,20.3,0,0,1
1,1,0,0,0,0,0.0,1.0,0,1,0,0,1.74768869467,1.5,0,0,0
0,1,0,0,0,0,1.0,0.0,0,1,0,0,4.39563139626,0.0,0,0,0
1,1,0,0,0,0,1.0,1.0,0,1,0,0,13.1293674202,4.2,0,1,1
0,1,0,0,0,0,0.0,1.0,0,1,0,0,13.4423293954,1.2,0,0,0
1,0,0,0,0,0,0.0,1.0,0,0,0,0,9.57879996016,1.2,1,0,1
1,0,1,0,0,0,0.0,0.0,0,0,0,1,9.30617167755,3.8,0,0,0
1,1,0,0,0,0,0.0,0.0,1,1,0,0,3.03412296034,14.6,0,0,1
0,0,1,0,0,0,1.0,0.0,0,0,1,0,4.19268340617,3.1,1,0,1
0,1,0,0,0,0,0.0,0.0,0,1,0,0,6.02854652214,0.9,0,0,1
1,1,0,0,0,0,0.0,1.0,1,1,0,0,3.00920743897,21.0,0,0,1
0,1,0,0,0,0,0.0,1.0,1,1,0,0,6.02854652214,0.9,0,0,1
0,1,0,0,0,0,0.0,1.0,0,1,0,0,15.2260017144,1.3,1,0,1
0,1,0,0,0,0,0.0,1.0,0,1,0,0,1.74768869467,1.5,0,0,1
1,0,1,0,0,0,1.0,0.0,0,1,0,0,10.7796610014,6.9,0,0,1
1,1,0,0,0,0,0.0,1.0,1,1,0,0,8.90677460423,-5.4,0,1,1
1,0,0,0,0,0,1.0,1.0,0,1,0,0,7.36217817152,4.9,0,0,1
0,1,0,0,0,0,1.0,1.0,1,1,0,0,9.30617167755,3.8,0,0,1
0,0,1,0,0,0,1.0,0.0,0,1,0,0,2.09022190259,3.6,0,0,1
0,0,1,0,0,0,0.0,0.0,1,1,0,0,7.088073778,0.4,0,1,1
0,0,1,0,0,0,0.0,0.0,0,1,0,0,6.36782842395,2.3,1,0,1
0,1,0,0,0,0,0.0,1.0,1,1,0,0,5.08061049195,20.3,0,0,1
1,1,0,0,0,0,0.0,1.0,1,1,0,0,14.6773700831,0.0,1,0,1
0,1,0,0,0,0,0.0,1.0,0,1,0,0,14.6773700831,0.0,1,0,1
1,1,0,0,0,0,0.0,1.0,1,0,0,1,6.02854652214,0.9,0,0,0
0,1,0,0,0,0,0.0,0.0,0,1,0,0,7.34192503794,5.4,0,1,0
0,1,0,0,0,0,0.0,0.0,0,1,0,0,3.00920743897,21.0,0,0,0
0,1,0,0,0,0,0.0,1.0,1,1,0,0,14.6773700831,0.0,1,0,1
0,1,0,0,0,0,1.0,0.0,1,1,0,0,6.16393371489,0.0,0,0,1
1,0,1,0,0,0,0.0,1.0,1,0,0,1,9.30617167755,3.8,0,0,0
0,1,0,0,0,0,0.0,1.0,1,0,0,0,5.59795263816,3.2,0,1,1
1,1,0,0,0,0,1.0,1.0,1,1,0,0,5.08061049195,20.3,0,0,1
1,1,0,0,0,0,0.0,0.0,0,1,0,0,3.03412296034,14.6,0,0,1
0,1,0,0,0,0,1.0,1.0,1,1,0,0,1.90705057892,0.0,0,1,1
1,1,0,0,0,0,0.0,1.0,0,0,0,1,5.59795263816,3.2,0,1,0
1,1,0,0,0,0,0.0,1.0,1,1,0,0,0.912623878528,0.2,0,0,0
1,1,0,0,0,0,0.0,0.0,0,1,0,0,7.36217817152,4.9,0,0,0
1,0,1,0,0,0,0.0,1.0,0,1,0,0,9.30617167755,3.8,0,0,0
1,0,0,0,0,0,1.0,1.0,1,1,0,0,1.74768869467,1.5,0,0,0
0,1,0,0,0,0,1.0,1.0,0,1,0,0,6.02854652214,0.9,0,0,1
0,0,1,0,0,0,1.0,0.0,0,1,0,0,5.96156828097,2.8,0,0,1
0,1,0,0,0,0,0.0,0.0,0,1,0,0,2.09022190259,3.6,0,0,0
0,1,0,0,0,0,0.0,1.0,0,1,0,0,7.36217817152,4.9,0,0,1
0,1,0,0,0,0,1.0,1.0,1,1,0,0,1.14537450597,16.8,0,0,1
1,1,0,0,0,0,1.0,0.0,0,1,0,0,0.912623878528,0.2,0,0,1
1,1,0,0,0,0,0.0,1.0,0,1,0,0,11.6915611959,0.0,0,1,1
0,1,0,0,0,0,0.0,0.0,0,1,0,0,5.96156828097,2.8,0,0,1
1,0,0,0,0,0,0.0,1.0,0,0,0,1,7.34192503794,5.4,0,1,1
0,1,0,0,0,0,0.0,0.0,0,1,0,0,7.36217817152,4.9,0,0,1
1,0,0,0,0,0,0.0,1.0,0,1,0,0,5.08061049195,20.3,0,0,0
0,1,0,0,0,0,1.0,1.0,0,0,1,0,1.23806778218,0.0,1,0,1
1,1,0,0,0,0,0.0,0.0,0,1,0,0,7.36217817152,4.9,0,0,1
0,1,0,0,0,0,0.0,1.0,0,1,0,0,0.912623878528,0.2,0,0,0
0,1,0,0,0,0,0.0,1.0,0,1,0,0,4.19268340617,3.1,1,0,1
0,1,0,0,0,0,0.0,1.0,1,1,0,0,4.19268340617,3.1,1,0,1
0,1,0,0,0,0,1.0,0.0,0,0,0,0,12.6958627488,1.3,1,0,0
0,1,0,0,0,0,0.0,0.0,0,1,0,0,4.19268340617,3.1,1,0,1
0,1,0,0,0,0,0.0,1.0,1,1,0,0,3.03412296034,14.6,0,0,0
1,1,0,0,0,0,0.0,1.0,0,1,0,0,3.03412296034,14.6,0,0,0
1,1,0,0,0,0,0.0,1.0,0,1,0,0,6.90006830956,2.0,1,0,1
1,0,1,0,0,0,0.0,0.0,0,1,0,0,15.2260017144,1.3,1,0,1
1,0,0,1,0,0,1.0,1.0,1,1,0,0,0.912623878528,0.2,0,0,0
1,1,0,0,0,0,0.0,1.0,1,1,0,0,1.90705057892,0.0,0,1,0
1,1,0,0,0,0,1.0,1.0,1,1,0,0,5.57286077742,2.9,0,1,0
0,1,0,0,0,0,0.0,1.0,0,1,0,0,7.36217817152,4.9,0,0,0
0,1,0,0,0,0,0.0,1.0,1,1,0,0,13.1293674202,4.2,0,1,1
0,1,0,0,0,0,0.0,0.0,0,1,0,0,12.6958627488,1.3,1,0,1
1,1,0,0,0,0,1.0,1.0,1,1,0,0,2.09022190259,3.6,0,0,1
1,1,0,0,0,0,0.0,0.0,0,1,0,0,4.19268340617,3.1,1,0,1
0,0,0,0,0,0,1.0,1.0,0,1,0,0,18.0436763177,0.0,1,0,0
1,0,0,0,0,1,0.0,1.0,1,1,0,0,2.41064832357,0.0,0,1,1
0,1,0,0,0,0,0.0,0.0,0,1,0,0,5.59795263816,3.2,0,1,1
1,1,0,0,0,0,0.0,1.0,0,1,0,0,3.03412296034,14.6,0,0,0
1,0,0,0,0,0,0.0,0.0,0,1,0,0,0.912623878528,0.2,0,0,0
1,1,0,0,0,0,1.0,1.0,1,1,0,0,3.00920743897,21.0,0,0,1
0,0,1,0,0,0,1.0,0.0,0,0,1,0,1.23806778218,0.0,1,0,1
0,1,0,0,0,0,0.0,0.0,1,0,0,1,4.46811468756,11.7,0,1,1
0,0,0,1,0,0,0.0,1.0,0,0,0,1,1.80869149098,0.0,0,1,0
1,1,0,0,0,0,0.0,1.0,1,1,0,0,2.39959255124,9.1,0,0,0
0,1,0,0,0,0,1.0,1.0,1,1,0,0,3.03412296034,14.6,0,0,0
0,1,0,0,0,0,0.0,1.0,0,0,0,1,5.54357634765,0.0,0,1,1
0,1,0,0,0,0,0.0,1.0,1,1,0,0,1.74768869467,1.5,0,0,1
0,1,0,0,0,0,1.0,0.0,1,1,0,0,4.19268340617,3.1,1,0,1
1,1,0,0,0,0,0.0,1.0,0,1,0,0,14.6773700831,0.0,1,0,1
0,1,0,0,0,0,0.0,1.0,0,1,0,0,14.6773700831,0.0,1,0,1
1,1,0,0,0,0,0.0,1.0,0,1,0,0,7.36217817152,4.9,0,0,0
0,1,0,0,0,0,0.0,0.0,0,1,0,0,4.19268340617,3.1,1,0,1
0,0,1,0,0,0,0.0,1.0,1,1,0,0,3.68808193045,0.0,0,1,0
0,1,0,0,0,0,1.0,0.0,0,1,0,0,8.79134649774,1.0,0,1,1
0,1,0,0,0,0,1.0,1.0,1,1,0,0,5.59795263816,3.2,0,1,1
0,1,0,0,0,0,0.0,1.0,0,1,0,0,5.96156828097,2.8,0,0,0
1,0,1,0,0,0,1.0,0.0,0,1,0,0,9.30617167755,3.8,0,0,0
1,1,0,0,0,0,0.0,1.0,0,1,0,0,2.09022190259,3.6,0,0,0
0,1,0,0,0,0,0.0,1.0,0,0,0,0,4.39563139626,0.0,0,0,0
1,1,0,0,0,0,0.0,0.0,0,1,0,0,6.02854652214,0.9,0,0,1
0,0,1,0,0,0,0.0,0.0,0,1,0,0,13.3045470867,1.3,1,0,1
0,0,1,0,0,0,0.0,0.0,0,0,1,0,10.7796610014,6.9,0,0,1
1,1,0,0,0,0,0.0,0.0,1,0,0,0,14.6773700831,0.0,1,0,1
0,0,0,0,1,0,0.0,0.0,0,1,0,0,1.23806778218,0.0,1,0,1
1,1,0,0,0,0,0.0,0.0,0,1,0,0,6.02854652214,0.9,0,0,1
0,1,0,0,0,0,0.0,1.0,0,1,0,0,0.912623878528,0.2,0,0,1
0,1,0,0,0,0,1.0,1.0,1,1,0,0,6.36782842395,2.3,1,0,1
0,1,0,0,0,0,1.0,0.0,0,0,1,0,6.36782842395,2.3,1,0,1
0,1,0,0,0,0,1.0,1.0,0,1,0,0,1.59409442352,0.0,0,1,1
1,0,1,0,0,0,1.0,0.0,0,0,1,0,4.19268340617,3.1,1,0,1
1,1,0,0,0,0,0.0,1.0,0,1,0,0,7.36217817152,4.9,0,0,1
1,1,0,0,0,0,1.0,1.0,0,1,0,0,6.90006830956,2.0,1,0,0
1,1,0,0,0,0,1.0,0.0,0,1,0,0,6.90006830956,2.0,1,0,1
0,0,0,0,0,0,0.0,0.0,0,1,0,0,4.46811468756,11.7,0,1,0
0,0,0,0,0,0,0.0,1.0,0,1,0,0,7.36217817152,4.9,0,0,1
1,1,0,0,0,0,0.0,1.0,1,1,0,0,1.14537450597,16.8,0,0,1
1,1,0,0,0,0,0.0,0.0,0,1,0,0,6.02854652214,0.9,0,0,1
0,1,0,0,0,0,0.0,1.0,1,1,0,0,4.19268340617,3.1,1,0,1
0,0,1,0,0,0,0.0,0.0,1,1,0,0,7.84862525478,4.9,0,1,1
0,1,0,0,0,0,0.0,1.0,1,1,0,0,2.09022190259,3.6,0,0,1
1,1,0,0,0,0,0.0,1.0,0,1,0,0,18.0436763177,0.0,1,0,0
1,1,0,0,0,0,0.0,1.0,0,1,0,0,6.36782842395,2.3,1,0,0
1,1,0,0,0,0,0.0,0.0,0,1,0,0,15.2260017144,1.3,1,0,1
1,1,0,0,0,0,1.0,1.0,1,1,0,0,5.08061049195,20.3,0,0,1
0,1,0,0,0,0,0.0,1.0,1,1,0,0,5.08061049195,20.3,0,0,0
0,1,0,0,0,0,0.0,0.0,0,1,0,0,3.03412296034,14.6,0,0,0
1,1,0,0,0,0,0.0,1.0,1,1,0,0,1.74768869467,1.5,0,0,0
1,1,0,0,0,0,1.0,1.0,1,1,0,0,14.6773700831,0.0,1,0,1
1,1,0,0,0,0,0.0,1.0,0,1,0,0,4.19268340617,3.1,1,0,1
1,1,0,0,0,0,1.0,1.0,1,1,0,0,0.912623878528,0.2,0,0,1
0,1,0,0,0,0,1.0,1.0,0,1,0,0,0.912623878528,0.2,0,0,1
1,1,0,0,0,0,0.0,1.0,0,1,0,0,3.68808193045,0.0,0,1,0
0,0,1,0,0,0,0.0,0.0,0,0,0,1,5.54357634765,0.0,0,1,1
1,1,0,0,0,0,0.0,1.0,0,1,0,0,7.36217817152,4.9,0,0,1
1,1,0,0,0,0,0.0,0.0,0,1,0,0,7.84862525478,4.9,0,1,0
1,0,1,0,0,0,0.0,1.0,1,1,0,0,8.90677460423,-5.4,0,1,0
0,1,0,0,0,0,0.0,0.0,0,1,0,0,10.5469708099,0.0,0,1,0
0,1,0,0,0,0,0.0,1.0,0,1,0,0,6.02854652214,0.9,0,0,1
1,0,0,1,0,0,1.0,1.0,0,1,0,0,5.60284334183,5.9,1,0,0
0,1,0,0,0,0,0.0,1.0,0,1,0,0,1.59409442352,0.0,0,1,0
1,0,1,0,0,0,0.0,1.0,1,0,0,1,5.57286077742,2.9,0,1,0
0,1,0,0,0,0,0.0,0.0,0,1,0,0,2.94808433601,0.0,0,1,1
1,1,0,0,0,0,0.0,1.0,0,1,0,0,5.08061049195,20.3,0,0,0
1,0,1,0,0,0,1.0,1.0,1,1,0,0,9.30617167755,3.8,0,0,0
1,1,0,0,0,0,1.0,1.0,1,1,0,0,8.90677460423,-5.4,0,1,1
1,1,0,0,0,0,1.0,1.0,0,1,0,0,7.36217817152,4.9,0,0,1
1,0,0,0,0,0,0.0,1.0,1,0,0,0,0.914111938302,0.0,0,1,0
1,0,1,0,0,0,1.0,0.0,0,0,0,0,0.912623878528,0.2,0,0,1
0,1,0,0,0,0,1.0,1.0,1,1,0,0,14.6773700831,0.0,1,0,1
1,1,0,0,0,0,0.0,0.0,0,1,0,0,1.59409442352,0.0,0,1,1
1,1,0,0,0,0,0.0,0.0,0,1,0,0,1.23806778218,0.0,1,0,1
1,1,0,0,0,0,0.0,0.0,0,1,0,0,7.36217817152,4.9,0,0,1
0,1,0,0,0,0,0.0,1.0,0,1,0,0,6.6653587759,25.8,0,0,0
0,1,0,0,0,0,0.0,1.0,1,1,0,0,0.912623878528,0.2,0,0,0
1,1,0,0,0,0,1.0,1.0,0,1,0,0,13.7643581113,0.7,1,0,1
1,1,0,0,0,0,0.0,1.0,0,1,0,0,7.36217817152,4.9,0,0,1
0,0,1,0,0,0,0.0,1.0,0,0,1,0,4.19268340617,3.1,1,0,0
1,1,0,0,0,0,1.0,1.0,0,1,0,0,5.96156828097,2.8,0,0,1
1,1,0,0,0,0,0.0,0.0,1,1,0,0,0.912623878528,0.2,0,0,0
0,1,0,0,0,0,0.0,1.0,0,1,0,0,1.74768869467,1.5,0,0,1
0,0,1,0,0,0,1.0,0.0,0,1,0,0,7.34192503794,5.4,0,1,0
0,0,1,0,0,0,0.0,1.0,0,0,0,1,10.7796610014,6.9,0,0,0
1,1,0,0,0,0,0.0,1.0,1,1,0,0,6.90006830956,2.0,1,0,0
1,1,0,0,0,0,0.0,1.0,1,1,0,0,6.02854652214,0.9,0,0,1
0,1,0,0,0,0,1.0,1.0,0,1,0,0,14.6773700831,0.0,1,0,1
1,1,0,0,0,0,0.0,0.0,0,1,0,0,1.59409442352,0.0,0,1,0
1,0,0,0,0,0,1.0,1.0,0,1,0,0,11.6915611959,0.0,0,1,1
0,1,0,0,0,0,1.0,1.0,1,1,0,0,0.914111938302,0.0,0,1,1
1,1,0,0,0,0,0.0,0.0,0,1,0,0,13.1293674202,4.2,0,1,0
1,0,0,0,0,0,0.0,1.0,1,1,0,0,2.27412534571,0.0,0,1,1
0,1,0,0,0,0,0.0,0.0,0,1,0,0,7.36217817152,4.9,0,0,0
1,1,0,0,0,0,0.0,0.0,0,1,0,0,0.912623878528,0.2,0,0,0
1,0,1,0,0,0,1.0,0.0,0,1,0,0,9.30617167755,3.8,0,0,0
0,1,0,0,0,0,0.0,1.0,0,1,0,0,7.36217817152,4.9,0,0,1
0,1,0,0,0,0,0.0,1.0,1,0,0,1,1.23806778218,0.0,1,0,1
0,1,0,0,0,0,0.0,0.0,1,1,0,0,13.4423293954,1.2,0,0,0
1,1,0,0,0,0,1.0,0.0,0,1,0,0,15.8039730413,141.8,0,0,0
1,1,0,0,0,0,0.0,1.0,0,1,0,0,2.94808433601,0.0,0,1,0
0,1,0,0,0,0,0.0,0.0,0,1,0,0,2.80785569976,0.0,0,1,0
0,1,0,0,0,0,1.0,1.0,1,1,0,0,3.00920743897,21.0,0,0,1
1,1,0,0,0,0,1.0,1.0,0,1,0,0,1.59409442352,0.0,0,1,0
1,1,0,0,0,0,0.0,0.0,1,1,0,0,4.98490422396,1.1,0,1,1
0,1,0,0,0,0,0.0,1.0,0,1,0,0,6.16393371489,0.0,0,0,1
0,1,0,0,0,0,0.0,0.0,0,1,0,0,13.3045470867,1.3,1,0,1
1,1,0,0,0,0,0.0,1.0,1,1,0,0,2.41064832357,0.0,0,1,1
1,1,0,0,0,0,1.0,1.0,1,1,0,0,0.912623878528,0.2,0,0,1
1,0,1,0,0,0,0.0,1.0,0,1,0,0,7.36217817152,4.9,0,0,0
1,1,0,0,0,0,0.0,0.0,0,1,0,0,5.59795263816,3.2,0,1,1
1,1,0,0,0,0,0.0,0.0,1,0,0,0,15.2260017144,1.3,1,0,1
0,1,0,0,0,0,0.0,0.0,1,1,0,0,6.90006830956,2.0,1,0,1
0,1,0,0,0,0,0.0,0.0,1,0,0,0,2.80785569976,0.0,0,1,1
1,1,0,0,0,0,0.0,0.0,0,1,0,0,0.914111938302,0.0,0,1,0
1,0,1,0,0,0,1.0,1.0,0,1,0,0,1.23806778218,0.0,1,0,1
0,1,0,0,0,0,1.0,0.0,0,1,0,0,6.02854652214,0.9,0,0,1
1,1,0,0,0,0,1.0,0.0,1,1,0,0,4.19268340617,3.1,1,0,0
0,1,0,0,0,0,0.0,1.0,1,1,0,0,7.34192503794,5.4,0,1,0
0,1,0,0,0,0,0.0,0.0,0,1,0,0,7.36217817152,4.9,0,0,0
1,1,0,0,0,0,0.0,1.0,0,1,0,0,0.912623878528,0.2,0,0,1
0,1,0,0,0,0,0.0,0.0,0,0,0,1,7.36217817152,4.9,0,0,1
0,0,1,0,0,0,0.0,1.0,1,1,0,0,0.912623878528,0.2,0,0,1
1,1,0,0,0,0,1.0,1.0,0,1,0,0,6.02854652214,0.9,0,0,1
1,0,1,0,0,0,0.0,1.0,0,0,0,1,7.84862525478,4.9,0,1,1
1,0,0,0,0,0,0.0,0.0,1,1,0,0,1.14537450597,16.8,0,0,0
1,1,0,0,0,0,1.0,1.0,0,1,0,0,5.59795263816,3.2,0,1,0
0,1,0,0,0,0,1.0,1.0,1,1,0,0,7.36217817152,4.9,0,0,1
1,1,0,0,0,0,1.0,1.0,1,1,0,0,6.90006830956,2.0,1,0,1
0,1,0,0,0,0,1.0,0.0,0,1,0,0,7.36217817152,4.9,0,0,0
1,1,0,0,0,0,0.0,1.0,0,1,0,0,14.6773700831,0.0,1,0,1
1,0,1,0,0,0,1.0,1.0,1,0,0,1,7.088073778,0.4,0,1,1
1,0,1,0,0,0,1.0,1.0,0,1,0,0,4.259396922,1.1,0,1,1
0,1,0,0,0,0,0.0,1.0,0,1,0,0,8.79134649774,1.0,0,1,1
1,1,0,0,0,0,0.0,0.0,0,0,0,1,6.36782842395,2.3,1,0,0
0,0,1,0,0,0,1.0,0.0,1,1,0,0,13.1293674202,4.2,0,1,1
1,1,0,0,0,0,0.0,1.0,0,1,0,0,0.912623878528,0.2,0,0,0
1,1,0,0,0,0,0.0,1.0,0,1,0,0,9.30617167755,3.8,0,0,0
0,1,0,0,0,0,1.0,1.0,0,1,0,0,14.6773700831,0.0,1,0,0
0,1,0,0,0,0,0.0,1.0,0,1,0,0,7.36217817152,4.9,0,0,0
1,0,1,0,0,0,0.0,0.0,0,1,0,0,2.41064832357,0.0,0,1,1
0,1,0,0,0,0,0.0,1.0,1,1,0,0,6.02854652214,0.9,0,0,1
0,0,0,0,0,0,1.0,1.0,1,1,0,0,6.90006830956,2.0,1,0,0
1,1,0,0,0,0,0.0,1.0,0,1,0,0,0.912623878528,0.2,0,0,0
1,1,0,0,0,0,1.0,0.0,0,0,0,1,7.36217817152,4.9,0,0,0
0,1,0,0,0,0,0.0,0.0,0,1,0,0,2.41064832357,0.0,0,1,0
1,1,0,0,0,0,0.0,1.0,1,1,0,0,3.00920743897,21.0,0,0,0
0,1,0,0,0,0,1.0,1.0,0,1,0,0,11.6915611959,0.0,0,1,1
1,1,0,0,0,0,0.0,1.0,1,1,0,0,7.84862525478,4.9,0,1,1
1,0,1,0,0,0,1.0,1.0,1,1,0,0,8.90677460423,-5.4,0,1,1
1,1,0,0,0,0,0.0,1.0,0,1,0,0,14.6773700831,0.0,1,0,1
0,1,0,0,0,0,0.0,1.0,0,1,0,0,0.912623878528,0.2,0,0,0
1,1,0,0,0,0,0.0,1.0,1,1,0,0,6.90006830956,2.0,1,0,1
0,1,0,0,0,0,1.0,0.0,0,1,0,0,7.36217817152,4.9,0,0,0
1,1,0,0,0,0,0.0,1.0,1,1,0,0,2.94808433601,0.0,0,1,1
0,1,0,0,0,0,0.0,1.0,0,1,0,0,10.6333456201,40.8,0,0,0
0,1,0,0,0,0,0.0,1.0,0,1,0,0,14.6773700831,0.0,1,0,1
1,1,0,0,0,0,0.0,1.0,1,1,0,0,1.80869149098,0.0,0,1,1
0,1,0,0,0,0,1.0,0.0,1,0,0,1,1.80869149098,0.0,0,1,0
0,1,0,0,0,0,0.0,0.0,0,0,0,0,9.30617167755,3.8,0,0,0
1,1,0,0,0,0,0.0,0.0,1,1,0,0,15.2260017144,1.3,1,0,1
0,1,0,0,0,0,0.0,1.0,0,1,0,0,7.36217817152,4.9,0,0,0
0,1,0,0,0,0,0.0,0.0,0,1,0,0,5.96156828097,2.8,0,0,0
0,1,0,0,0,0,0.0,1.0,1,1,0,0,6.02854652214,0.9,0,0,1
0,1,0,0,0,0,1.0,0.0,0,0,0,1,3.03412296034,14.6,0,0,0
1,1,0,0,0,0,1.0,0.0,0,1,0,0,0.912623878528,0.2,0,0,0
0,1,0,0,0,0,0.0,1.0,0,1,0,0,5.60284334183,5.9,1,0,1
0,0,0,0,0,0,0.0,0.0,0,1,0,0,2.80785569976,0.0,0,1,0
1,1,0,0,0,0,0.0,1.0,1,1,0,0,14.6773700831,0.0,1,0,0
0,1,0,0,0,0,1.0,0.0,0,1,0,0,2.80785569976,0.0,0,1,1
1,1,0,0,0,0,0.0,1.0,1,0,0,1,2.80785569976,0.0,0,1,0
0,0,0,0,1,0,1.0,0.0,0,1,0,0,0.912623878528,0.2,0,0,1
0,1,0,0,0,0,0.0,1.0,0,1,0,0,7.67629607295,3.0,1,0,1
0,1,0,0,0,0,0.0,0.0,0,1,0,0,7.36217817152,4.9,0,0,0
1,1,0,0,0,0,0.0,0.0,0,1,0,0,1.58890478659,0.9,0,1,0
1,1,0,0,0,0,1.0,1.0,1,1,0,0,12.0445396018,101.2,0,0,0
1,0,1,0,0,0,0.0,1.0,0,0,0,1,7.34192503794,5.4,0,1,0
1,1,0,0,0,0,1.0,1.0,1,1,0,0,8.90677460423,-5.4,0,1,1
1,1,0,0,0,0,0.0,1.0,1,1,0,0,0.912623878528,0.2,0,0,1
1,1,0,0,0,0,0.0,1.0,0,0,0,0,0.912623878528,0.2,0,0,0
0,1,0,0,0,0,0.0,1.0,1,1,0,0,13.7643581113,0.7,1,0,0
1,1,0,0,0,0,1.0,1.0,0,1,0,0,7.36217817152,4.9,0,0,0
0,1,0,0,0,0,0.0,0.0,0,1,0,0,0.914111938302,0.0,0,1,0
0,1,0,0,0,0,0.0,0.0,0,0,1,0,4.19268340617,3.1,1,0,1
0,1,0,0,0,0,0.0,0.0,0,1,0,0,6.02854652214,0.9,0,0,1
1,1,0,0,0,0,0.0,1.0,0,1,0,0,2.80785569976,0.0,0,1,1
0,1,0,0,0,0,1.0,1.0,0,0,1,0,4.19268340617,3.1,1,0,1
0,1,0,0,0,0,0.0,0.0,1,0,0,1,7.36217817152,4.9,0,0,1
0,0,1,0,0,0,0.0,0.0,0,0,0,1,9.57879996016,1.2,1,0,1
0,1,0,0,0,0,0.0,0.0,0,1,0,0,7.088073778,0.4,0,1,1
0,1,0,0,0,0,1.0,1.0,0,1,0,0,6.16393371489,0.0,0,0,1
1,1,0,0,0,0,1.0,1.0,1,1,0,0,1.14537450597,16.8,0,0,0
0,1,0,0,0,0,1.0,1.0,1,1,0,0,6.90006830956,2.0,1,0,1
0,1,0,0,0,0,0.0,0.0,0,1,0,0,9.30617167755,3.8,0,0,0
1,1,0,0,0,0,0.0,0.0,0,1,0,0,5.96156828097,2.8,0,0,0
0,0,1,0,0,0,0.0,1.0,0,0,1,0,4.19268340617,3.1,1,0,1
0,1,0,0,0,0,0.0,1.0,0,1,0,0,5.96156828097,2.8,0,0,0
1,1,0,0,0,0,0.0,1.0,0,1,0,0,10.5469708099,0.0,0,1,1
1,0,1,0,0,0,1.0,0.0,0,1,0,0,4.98490422396,1.1,0,1,0
0,1,0,0,0,0,0.0,1.0,0,1,0,0,5.60284334183,5.9,1,0,1
1,1,0,0,0,0,1.0,1.0,1,1,0,0,7.84862525478,4.9,0,1,1
1,1,0,0,0,0,1.0,1.0,0,1,0,0,7.36217817152,4.9,0,0,1
1,1,0,0,0,0,0.0,1.0,0,1,0,0,15.2260017144,1.3,1,0,1
1,1,0,0,0,0,0.0,0.0,0,1,0,0,12.0445396018,101.2,0,0,0
1,0,0,0,0,0,1.0,1.0,0,1,0,0,6.02854652214,0.9,0,0,0
0,1,0,0,0,0,1.0,1.0,0,1,0,0,14.6773700831,0.0,1,0,0
1,1,0,0,0,0,1.0,0.0,0,1,0,0,5.59795263816,3.2,0,1,0
1,1,0,0,0,0,0.0,1.0,1,1,0,0,1.55418524956,0.0,0,1,1
0,1,0,0,0,0,1.0,0.0,1,1,0,0,1.90705057892,0.0,0,1,0
0,1,0,0,0,0,0.0,1.0,0,1,0,0,7.36217817152,4.9,0,0,1
0,0,0,0,1,0,0.0,1.0,0,1,0,0,6.90006830956,2.0,1,0,1
0,0,1,0,0,0,0.0,0.0,0,0,0,1,4.259396922,1.1,0,1,0
1,1,0,0,0,0,0.0,1.0,0,1,0,0,7.36217817152,4.9,0,0,1
0,1,0,0,0,0,0.0,1.0,1,1,0,0,1.80869149098,0.0,0,1,1
1,1,0,0,0,0,0.0,0.0,1,1,0,0,7.34192503794,5.4,0,1,1
1,1,0,0,0,0,0.0,1.0,1,1,0,0,5.57286077742,2.9,0,1,1
1,1,0,0,0,0,1.0,1.0,1,1,0,0,13.7643581113,0.7,1,0,0
0,0,1,0,0,0,0.0,1.0,0,1,0,0,8.90677460423,-5.4,0,1,0
0,1,0,0,0,0,1.0,0.0,0,1,0,0,7.36217817152,4.9,0,0,1
0,0,0,0,1,0,0.0,1.0,0,1,0,0,1.23806778218,0.0,1,0,1
1,1,0,0,0,0,0.0,1.0,1,1,0,0,5.59795263816,3.2,0,1,0
0,1,0,0,0,0,0.0,1.0,1,1,0,0,13.1293674202,4.2,0,1,1
0,1,0,0,0,0,1.0,1.0,0,1,0,0,7.36217817152,4.9,0,0,0
1,1,0,0,0,0,0.0,0.0,1,1,0,0,1.55418524956,0.0,0,1,0
1,1,0,0,0,0,0.0,1.0,1,1,0,0,7.34192503794,5.4,0,1,0
1,1,0,0,0,0,0.0,1.0,1,1,0,0,4.98490422396,1.1,0,1,1
0,1,0,0,0,0,1.0,0.0,0,0,0,0,4.19268340617,3.1,1,0,1
1,1,0,0,0,0,0.0,0.0,0,1,0,0,4.46811468756,11.7,0,1,0
0,1,0,0,0,0,1.0,1.0,0,1,0,0,6.02854652214,0.9,0,0,0
1,1,0,0,0,0,0.0,1.0,1,1,0,0,15.2260017144,1.3,1,0,1
1,0,1,0,0,0,0.0,1.0,0,1,0,0,2.41064832357,0.0,0,1,0
0,1,0,0,0,0,0.0,0.0,1,0,0,1,1.8054844338,0.0,0,1,1
1,1,0,0,0,0,0.0,1.0,0,1,0,0,5.60284334183,5.9,1,0,1
0,1,0,0,0,0,0.0,0.0,0,1,0,0,7.84862525478,4.9,0,1,0
0,0,0,1,0,0,0.0,0.0,0,0,0,1,5.57286077742,2.9,0,1,0
1,1,0,0,0,0,0.0,1.0,1,1,0,0,6.90006830956,2.0,1,0,1
1,1,0,0,0,0,0.0,0.0,0,1,0,0,3.68808193045,0.0,0,1,0
1,1,0,0,0,0,0.0,0.0,1,1,0,0,5.59795263816,3.2,0,1,1
0,1,0,0,0,0,1.0,1.0,0,0,0,0,4.19268340617,3.1,1,0,1
0,0,1,0,0,0,1.0,0.0,1,1,0,0,6.16393371489,0.0,0,0,1
0,1,0,0,0,0,0.0,1.0,1,1,0,0,5.2306235496,3.8,0,1,0
0,0,1,0,0,0,1.0,1.0,1,1,0,0,11.6915611959,0.0,0,1,1
1,0,0,0,0,0,0.0,1.0,1,1,0,0,1.90705057892,0.0,0,1,1
1,1,0,0,0,0,1.0,1.0,1,1,0,0,3.00920743897,21.0,0,0,1
0,1,0,0,0,0,0.0,0.0,0,1,0,0,1.23806778218,0.0,1,0,1
0,1,0,0,0,0,1.0,1.0,1,0,0,1,4.39563139626,0.0,0,0,1
0,1,0,0,0,0,0.0,0.0,0,1,0,0,4.19268340617,3.1,1,0,1
1,0,1,0,0,0,1.0,1.0,0,1,0,0,13.7643581113,0.7,1,0,1
1,1,0,0,0,0,0.0,1.0,1,1,0,0,5.59795263816,3.2,0,1,1
0,1,0,0,0,0,1.0,1.0,1,1,0,0,2.94808433601,0.0,0,1,1
1,1,0,0,0,0,0.0,1.0,1,1,0,0,6.90006830956,2.0,1,0,1
1,1,0,0,0,0,0.0,0.0,0,1,0,0,3.68808193045,0.0,0,1,0
0,0,0,0,0,0,0.0,1.0,0,1,0,0,2.41064832357,0.0,0,1,1
0,1,0,0,0,0,0.0,0.0,0,1,0,0,7.36217817152,4.9,0,0,0
1,1,0,0,0,0,0.0,1.0,0,1,0,0,7.36217817152,4.9,0,0,1
1,1,0,0,0,0,0.0,1.0,0,1,0,0,7.36217817152,4.9,0,0,1
0,0,0,0,0,0,0.0,0.0,0,1,0,0,2.41064832357,0.0,0,1,1
0,1,0,0,0,0,1.0,1.0,0,1,0,0,14.6773700831,0.0,1,0,0
1,1,0,0,0,0,0.0,1.0,1,1,0,0,1.90705057892,0.0,0,1,1
0,1,0,0,0,0,0.0,1.0,0,1,0,0,2.09022190259,3.6,0,0,0
0,1,0,0,0,0,0.0,0.0,0,1,0,0,2.09022190259,3.6,0,0,0
0,1,0,0,0,0,1.0,1.0,1,1,0,0,14.6773700831,0.0,1,0,1
0,0,1,0,0,0,0.0,1.0,1,0,0,0,0.912623878528,0.2,0,0,1
0,0,0,0,0,0,0.0,1.0,1,1,0,0,8.90677460423,-5.4,0,1,1
1,1,0,0,0,0,0.0,1.0,1,1,0,0,7.34192503794,5.4,0,1,0
0,1,0,0,0,0,0.0,1.0,0,1,0,0,2.80785569976,0.0,0,1,1
1,1,0,0,0,0,1.0,1.0,0,1,0,0,6.90006830956,2.0,1,0,1
1,1,0,0,0,0,0.0,1.0,1,1,0,0,15.2260017144,1.3,1,0,0
0,1,0,0,0,0,0.0,0.0,0,0,1,0,14.6773700831,0.0,1,0,0
0,1,0,0,0,0,1.0,1.0,1,1,0,0,7.36217817152,4.9,0,0,1
0,1,0,0,0,0,1.0,1.0,0,1,0,0,15.2260017144,1.3,1,0,0
0,1,0,0,0,0,1.0,0.0,0,1,0,0,6.16393371489,0.0,0,0,0
1,1,0,0,0,0,0.0,0.0,0,0,0,1,5.54357634765,0.0,0,1,1
1,1,0,0,0,0,0.0,0.0,0,1,0,0,0.912623878528,0.2,0,0,0
1,1,0,0,0,0,0.0,0.0,0,1,0,0,7.088073778,0.4,0,1,1
0,1,0,0,0,0,0.0,1.0,1,1,0,0,14.6773700831,0.0,1,0,1
0,1,0,0,0,0,1.0,1.0,1,1,0,0,5.08061049195,20.3,0,0,0
0,1,0,0,0,0,1.0,1.0,1,1,0,0,1.59409442352,0.0,0,1,1
1,1,0,0,0,0,0.0,0.0,1,1,0,0,2.94808433601,0.0,0,1,0
0,1,0,0,0,0,1.0,1.0,1,1,0,0,13.3045470867,1.3,1,0,1
1,1,0,0,0,0,0.0,1.0,1,0,0,1,2.80785569976,0.0,0,1,0
0,0,1,0,0,0,0.0,1.0,0,1,0,0,2.41064832357,0.0,0,1,0
0,1,0,0,0,0,1.0,1.0,0,1,0,0,15.2260017144,1.3,1,0,1
1,1,0,0,0,0,0.0,0.0,0,1,0,0,9.30617167755,3.8,0,0,0
0,0,1,0,0,0,0.0,0.0,1,1,0,0,2.41064832357,0.0,0,1,1
0,1,0,0,0,0,1.0,1.0,1,1,0,0,0.912623878528,0.2,0,0,1
1,1,0,0,0,0,1.0,0.0,0,1,0,0,13.7643581113,0.7,1,0,0
0,0,1,0,0,0,1.0,0.0,1,0,0,1,5.57286077742,2.9,0,1,1
0,1,0,0,0,0,0.0,1.0,1,0,0,1,5.57286077742,2.9,0,1,1
1,1,0,0,0,0,0.0,0.0,0,1,0,0,4.46811468756,11.7,0,1,0
1,1,0,0,0,0,0.0,1.0,0,1,0,0,7.36217817152,4.9,0,0,1
1,1,0,0,0,0,0.0,1.0,0,1,0,0,6.16393371489,0.0,0,0,0
0,1,0,0,0,0,0.0,0.0,0,1,0,0,7.34192503794,5.4,0,1,0
0,1,0,0,0,0,0.0,1.0,0,1,0,0,15.2260017144,1.3,1,0,0
1,1,0,0,0,0,1.0,1.0,1,1,0,0,2.09022190259,3.6,0,0,0
0,0,1,0,0,0,0.0,0.0,0,1,0,0,5.57286077742,2.9,0,1,0
0,1,0,0,0,0,0.0,1.0,1,0,1,0,4.19268340617,3.1,1,0,1
0,1,0,0,0,0,1.0,1.0,0,1,0,0,9.30617167755,3.8,0,0,0
0,1,0,0,0,0,0.0,1.0,0,1,0,0,6.16393371489,0.0,0,0,0
0,1,0,0,0,0,0.0,0.0,0,1,0,0,13.1293674202,4.2,0,1,1
1,1,0,0,0,0,0.0,1.0,1,1,0,0,15.2260017144,1.3,1,0,0
1,0,0,0,0,0,0.0,1.0,1,1,0,0,14.6773700831,0.0,1,0,1
1,1,0,0,0,0,1.0,1.0,1,1,0,0,6.90006830956,2.0,1,0,0
0,0,1,0,0,0,0.0,0.0,0,1,0,0,4.98490422396,1.1,0,1,1
0,0,1,0,0,0,1.0,1.0,0,1,0,0,1.8054844338,0.0,0,1,1
0,0,0,0,0,0,0.0,0.0,1,1,0,0,4.259396922,1.1,0,1,1
1,0,1,0,0,0,0.0,1.0,1,1,0,0,10.7796610014,6.9,0,0,0
0,1,0,0,0,0,0.0,1.0,1,1,0,0,14.6773700831,0.0,1,0,1
1,1,0,0,0,0,0.0,1.0,0,1,0,0,7.36217817152,4.9,0,0,1
1,1,0,0,0,0,0.0,1.0,0,1,0,0,1.59409442352,0.0,0,1,1
0,1,0,0,0,0,1.0,1.0,1,1,0,0,0.914111938302,0.0,0,1,1
1,1,0,0,0,0,0.0,0.0,0,1,0,0,5.96156828097,2.8,0,0,0
1,1,0,0,0,0,0.0,1.0,0,1,0,0,14.6773700831,0.0,1,0,1
1,0,0,0,0,0,0.0,0.0,1,1,0,0,5.60284334183,5.9,1,0,1
0,1,0,0,0,0,0.0,1.0,0,1,0,0,14.6773700831,0.0,1,0,0
0,1,0,0,0,0,0.0,1.0,0,1,0,0,2.41064832357,0.0,0,1,1
0,1,0,0,0,0,1.0,1.0,1,1,0,0,8.90677460423,-5.4,0,1,0
0,1,0,0,0,0,0.0,1.0,1,1,0,0,0.912623878528,0.2,0,0,1
0,1,0,0,0,0,0.0,0.0,0,1,0,0,4.39563139626,0.0,0,0,0
1,1,0,0,0,0,0.0,0.0,1,1,0,0,3.00920743897,21.0,0,0,1
1,1,0,0,0,0,0.0,1.0,0,1,0,0,13.1293674202,4.2,0,1,1
1,1,0,0,0,0,1.0,1.0,0,1,0,0,18.0436763177,0.0,1,0,1
0,1,0,0,0,0,0.0,1.0,0,0,1,0,18.0436763177,0.0,1,0,1
1,1,0,0,0,0,0.0,1.0,1,1,0,0,14.6773700831,0.0,1,0,0
0,0,1,0,0,0,0.0,1.0,0,1,0,0,2.41064832357,0.0,0,1,1
1,1,0,0,0,0,0.0,1.0,0,1,0,0,6.16393371489,0.0,0,0,1
1,0,1,0,0,0,0.0,0.0,0,1,0,0,1.23806778218,0.0,1,0,1
0,1,0,0,0,0,0.0,0.0,1,0,0,1,7.34192503794,5.4,0,1,0
0,1,0,0,0,0,0.0,1.0,1,1,0,0,0.912623878528,0.2,0,0,0
0,1,0,0,0,0,0.0,1.0,1,1,0,0,0.914111938302,0.0,0,1,1
0,1,0,0,0,0,1.0,0.0,1,1,0,0,6.36782842395,2.3,1,0,1
0,1,0,0,0,0,0.0,1.0,0,1,0,0,5.60284334183,5.9,1,0,1
1,1,0,0,0,0,0.0,1.0,0,1,0,0,7.36217817152,4.9,0,0,1
0,1,0,0,0,0,0.0,1.0,1,1,0,0,1.80869149098,0.0,0,1,1
1,1,0,0,0,0,0.0,0.0,0,1,0,0,14.6773700831,0.0,1,0,1
0,1,0,0,0,0,0.0,1.0,1,0,0,1,7.34192503794,5.4,0,1,0
0,0,1,0,0,0,0.0,0.0,0,1,0,0,6.46860274354,1.7,0,1,1
1,1,0,0,0,0,0.0,0.0,1,1,0,0,15.2260017144,1.3,1,0,1
0,1,0,0,0,0,0.0,0.0,0,1,0,0,2.09022190259,3.6,0,0,1
1,1,0,0,0,0,0.0,1.0,1,1,0,0,1.90705057892,0.0,0,1,1
0,1,0,0,0,0,0.0,0.0,0,1,0,0,9.30617167755,3.8,0,0,0
0,1,0,0,0,0,0.0,1.0,1,1,0,0,2.41064832357,0.0,0,1,0
0,1,0,0,0,0,0.0,1.0,1,1,0,0,0.914111938302,0.0,0,1,1
1,1,0,0,0,0,0.0,1.0,0,0,1,0,4.19268340617,3.1,1,0,1
0,0,1,0,0,0,0.0,0.0,0,1,0,0,4.19268340617,3.1,1,0,1
0,1,0,0,0,0,1.0,1.0,0,1,0,0,6.90006830956,2.0,1,0,1
1,1,0,0,0,0,0.0,0.0,1,1,0,0,8.90677460423,-5.4,0,1,1
0,1,0,0,0,0,0.0,0.0,0,1,0,0,0.914111938302,0.0,0,1,0
1,1,0,0,0,0,0.0,1.0,1,1,0,0,2.80785569976,0.0,0,1,0
0,1,0,0,0,0,0.0,1.0,0,1,0,0,1.74768869467,1.5,0,0,1
0,1,0,0,0,0,0.0,1.0,1,0,0,1,5.57286077742,2.9,0,1,0
0,1,0,0,0,0,1.0,0.0,0,1,0,0,5.59795263816,3.2,0,1,1
0,1,0,0,0,0,1.0,1.0,1,0,1,0,14.6773700831,0.0,1,0,1
1,1,0,0,0,0,0.0,1.0,1,1,0,0,7.34192503794,5.4,0,1,0
1,1,0,0,0,0,1.0,1.0,0,1,0,0,2.09022190259,3.6,0,0,0
1,1,0,0,0,0,0.0,0.0,1,0,0,1,1.80869149098,0.0,0,1,0
0,1,0,0,0,0,0.0,1.0,1,1,0,0,1.90705057892,0.0,0,1,1
1,1,0,0,0,0,1.0,1.0,0,1,0,0,13.1293674202,4.2,0,1,1
0,1,0,0,0,0,0.0,0.0,1,1,0,0,1.8054844338,0.0,0,1,1
1,0,0,1,0,0,0.0,1.0,0,1,0,0,7.36217817152,4.9,0,0,1
1,1,0,0,0,0,0.0,1.0,0,1,0,0,13.1293674202,4.2,0,1,0
0,1,0,0,0,0,0.0,1.0,0,1,0,0,14.6773700831,0.0,1,0,0
0,1,0,0,0,0,1.0,1.0,0,1,0,0,2.94808433601,0.0,0,1,1
0,1,0,0,0,0,0.0,0.0,1,0,0,1,4.259396922,1.1,0,1,0
0,1,0,0,0,0,0.0,0.0,1,1,0,0,1.90705057892,0.0,0,1,1
0,1,0,0,0,0,0.0,1.0,1,1,0,0,5.08061049195,20.3,0,0,1
1,1,0,0,0,0,0.0,1.0,1,1,0,0,1.74768869467,1.5,0,0,1
0,1,0,0,0,0,0.0,1.0,0,1,0,0,0.912623878528,0.2,0,0,1
1,1,0,0,0,0,1.0,1.0,1,1,0,0,4.19268340617,3.1,1,0,1
1,0,0,0,0,0,0.0,1.0,1,1,0,0,7.34192503794,5.4,0,1,1
1,1,0,0,0,0,0.0,1.0,1,0,0,1,7.34192503794,5.4,0,1,1
0,1,0,0,0,0,0.0,0.0,0,0,0,1,2.94808433601,0.0,0,1,0
0,1,0,0,0,0,0.0,1.0,1,1,0,0,1.80869149098,0.0,0,1,0
1,1,0,0,0,0,0.0,0.0,0,1,0,0,14.6773700831,0.0,1,0,0
1,1,0,0,0,0,1.0,0.0,1,1,0,0,6.90006830956,2.0,1,0,1
0,1,0,0,0,0,0.0,1.0,1,1,0,0,9.30617167755,3.8,0,0,1
0,1,0,0,0,0,0.0,1.0,1,1,0,0,7.34192503794,5.4,0,1,1
0,1,0,0,0,0,0.0,1.0,1,1,0,0,10.6333456201,40.8,0,0,1
0,0,1,0,0,0,0.0,1.0,1,0,0,1,10.5469708099,0.0,0,1,1
0,1,0,0,0,0,0.0,0.0,1,0,0,1,5.54357634765,0.0,0,1,1
1,0,1,0,0,0,1.0,0.0,1,1,0,0,4.98490422396,1.1,0,1,0
1,0,1,0,0,0,0.0,0.0,0,1,0,0,11.6915611959,0.0,0,1,1
1,1,0,0,0,0,0.0,1.0,0,0,0,1,14.6773700831,0.0,1,0,1
1,1,0,0,0,0,1.0,1.0,0,1,0,0,7.67629607295,3.0,1,0,0
1,1,0,0,0,0,0.0,0.0,1,1,0,0,7.36217817152,4.9,0,0,0
1,1,0,0,0,0,0.0,1.0,0,1,0,0,13.1293674202,4.2,0,1,0
1,1,0,0,0,0,0.0,1.0,1,1,0,0,2.39959255124,9.1,0,0,1
0,0,0,1,0,0,0.0,0.0,0,1,0,0,0.912623878528,0.2,0,0,1
1,0,1,0,0,0,1.0,0.0,0,1,0,0,7.84862525478,4.9,0,1,0
0,1,0,0,0,0,0.0,1.0,1,1,0,0,7.34192503794,5.4,0,1,0
0,1,0,0,0,0,1.0,1.0,0,1,0,0,14.6773700831,0.0,1,0,1
1,1,0,0,0,0,1.0,1.0,1,1,0,0,5.57286077742,2.9,0,1,1
0,0,0,1,0,0,0.0,0.0,1,1,0,0,1.59409442352,0.0,0,1,0
0,1,0,0,0,0,1.0,1.0,1,1,0,0,4.98490422396,1.1,0,1,1
0,1,0,0,0,0,1.0,1.0,1,1,0,0,5.08061049195,20.3,0,0,1
1,0,1,0,0,0,0.0,0.0,0,0,0,1,11.6915611959,0.0,0,1,1
1,1,0,0,0,0,0.0,0.0,0,0,0,0,15.2260017144,1.3,1,0,1
0,1,0,0,0,0,0.0,0.0,0,1,0,0,11.6915611959,0.0,0,1,1
0,1,0,0,0,0,1.0,1.0,1,1,0,0,14.6773700831,0.0,1,0,1
1,1,0,0,0,0,0.0,1.0,1,1,0,0,12.0445396018,101.2,0,0,0
0,0,1,0,0,0,0.0,1.0,1,1,0,0,5.57286077742,2.9,0,1,1
0,1,0,0,0,0,0.0,0.0,0,0,0,1,11.6915611959,0.0,0,1,1
0,1,0,0,0,0,0.0,0.0,0,1,0,0,4.259396922,1.1,0,1,0
1,1,0,0,0,0,0.0,0.0,0,1,0,0,3.68808193045,0.0,0,1,0
1,1,0,0,0,0,0.0,1.0,1,1,0,0,5.57286077742,2.9,0,1,1
1,1,0,0,0,0,0.0,1.0,1,1,0,0,5.59795263816,3.2,0,1,0
0,0,1,0,0,0,1.0,1.0,0,0,0,1,5.96156828097,2.8,0,0,0
0,1,0,0,0,0,0.0,1.0,0,0,0,1,4.98490422396,1.1,0,1,1
1,0,0,0,0,0,0.0,0.0,0,1,0,0,4.19268340617,3.1,1,0,1
1,1,0,0,0,0,0.0,1.0,1,1,0,0,5.2306235496,3.8,0,1,0
0,1,0,0,0,0,0.0,1.0,1,1,0,0,1.59409442352,0.0,0,1,0
0,1,0,0,0,0,1.0,1.0,0,1,0,0,1.74768869467,1.5,0,0,0
0,1,0,0,0,0,1.0,1.0,1,1,0,0,3.00920743897,21.0,0,0,1
0,1,0,0,0,0,0.0,1.0,1,1,0,0,4.46811468756,11.7,0,1,1
1,0,1,0,0,0,1.0,1.0,1,1,0,0,1.8054844338,0.0,0,1,0
1,1,0,0,0,0,0.0,1.0,1,1,0,0,8.90677460423,-5.4,0,1,0
1,1,0,0,0,0,0.0,0.0,0,1,0,0,2.94808433601,0.0,0,1,1
1,1,0,0,0,0,1.0,1.0,0,1,0,0,2.94808433601,0.0,0,1,0
1,1,0,0,0,0,1.0,1.0,1,1,0,0,1.59409442352,0.0,0,1,0
0,1,0,0,0,0,1.0,0.0,0,1,0,0,0.912623878528,0.2,0,0,0
0,0,0,0,1,0,1.0,0.0,1,0,1,0,4.19268340617,3.1,1,0,1
1,1,0,0,0,0,0.0,1.0,0,1,0,0,9.57879996016,1.2,1,0,0
0,0,1,0,0,0,1.0,0.0,0,0,0,1,2.41064832357,0.0,0,1,0
0,1,0,0,0,0,0.0,0.0,1,1,0,0,5.54357634765,0.0,0,1,1
0,1,0,0,0,0,1.0,1.0,1,1,0,0,3.03412296034,14.6,0,0,1
1,1,0,0,0,0,1.0,1.0,0,1,0,0,1.23806778218,0.0,1,0,1
1,1,0,0,0,0,0.0,1.0,1,1,0,0,2.94808433601,0.0,0,1,1
0,1,0,0,0,0,0.0,1.0,0,1,0,0,18.0436763177,0.0,1,0,0
1,1,0,0,0,0,1.0,1.0,1,0,0,1,5.2306235496,3.8,0,1,1
0,1,0,0,0,0,0.0,1.0,1,0,0,1,5.57286077742,2.9,0,1,1
1,1,0,0,0,0,0.0,0.0,1,0,0,1,1.23806778218,0.0,1,0,0
0,1,0,0,0,0,0.0,1.0,1,1,0,0,1.59409442352,0.0,0,1,1
0,0,0,1,0,0,0.0,0.0,1,1,0,0,7.36217817152,4.9,0,0,1
0,1,0,0,0,0,1.0,0.0,0,1,0,0,5.60284334183,5.9,1,0,0
0,1,0,0,0,0,0.0,1.0,1,1,0,0,7.34192503794,5.4,0,1,1
0,1,0,0,0,0,0.0,1.0,1,1,0,0,1.80869149098,0.0,0,1,1
0,1,0,0,0,0,1.0,1.0,0,1,0,0,1.59409442352,0.0,0,1,1
0,1,0,0,0,0,0.0,1.0,0,1,0,0,11.6915611959,0.0,0,1,1
1,0,0,0,0,0,0.0,0.0,0,0,0,1,5.57286077742,2.9,0,1,0
0,0,1,0,0,0,0.0,1.0,1,1,0,0,0.912623878528,0.2,0,0,0
1,1,0,0,0,0,1.0,0.0,1,1,0,0,18.0436763177,0.0,1,0,1
0,1,0,0,0,0,0.0,1.0,0,1,0,0,13.1293674202,4.2,0,1,0
1,1,0,0,0,0,1.0,1.0,1,0,0,1,1.90705057892,0.0,0,1,1
1,1,0,0,0,0,0.0,1.0,0,1,0,0,3.03412296034,14.6,0,0,0
0,1,0,0,0,0,0.0,0.0,0,0,1,0,4.19268340617,3.1,1,0,1
1,1,0,0,0,0,0.0,0.0,0,1,0,0,7.34192503794,5.4,0,1,0
1,1,0,0,0,0,0.0,1.0,0,1,0,0,2.94808433601,0.0,0,1,0
1,0,1,0,0,0,1.0,0.0,0,0,0,1,3.68808193045,0.0,0,1,0
1,1,0,0,0,0,0.0,0.0,0,1,0,0,0.912623878528,0.2,0,0,0
0,1,0,0,0,0,0.0,0.0,0,0,1,0,4.19268340617,3.1,1,0,1
1,1,0,0,0,0,0.0,0.0,1,1,0,0,1.90705057892,0.0,0,1,0
0,1,0,0,0,0,0.0,0.0,0,1,0,0,1.90705057892,0.0,0,1,1
0,1,0,0,0,0,0.0,1.0,0,1,0,0,9.57879996016,1.2,1,0,0
0,1,0,0,0,0,0.0,0.0,0,0,0,1,4.98490422396,1.1,0,1,0
0,0,0,0,0,0,0.0,1.0,1,1,0,0,1.59409442352,0.0,0,1,0
0,1,0,0,0,0,0.0,1.0,0,1,0,0,2.94808433601,0.0,0,1,0
1,1,0,0,0,0,0.0,1.0,0,1,0,0,1.59409442352,0.0,0,1,0
0,1,0,0,0,0,0.0,1.0,1,1,0,0,0.912623878528,0.2,0,0,1
0,1,0,0,0,0,0.0,0.0,0,1,0,0,2.41064832357,0.0,0,1,1
1,1,0,0,0,0,0.0,1.0,1,1,0,0,2.80785569976,0.0,0,1,1
0,1,0,0,0,0,0.0,1.0,0,1,0,0,1.90705057892,0.0,0,1,0
0,0,0,0,1,0,1.0,0.0,0,1,0,0,3.03412296034,14.6,0,0,1
0,1,0,0,0,0,0.0,1.0,1,1,0,0,0.912623878528,0.2,0,0,1
0,1,0,0,0,0,0.0,1.0,1,1,0,0,2.80785569976,0.0,0,1,1
1,1,0,0,0,0,0.0,1.0,1,1,0,0,8.90677460423,-5.4,0,1,1
0,1,0,0,0,0,0.0,1.0,0,1,0,0,2.80785569976,0.0,0,1,0
1,1,0,0,0,0,0.0,1.0,1,1,0,0,2.80785569976,0.0,0,1,1
0,1,0,0,0,0,0.0,0.0,0,1,0,0,12.0445396018,101.2,0,0,0
1,1,0,0,0,0,0.0,1.0,1,0,0,1,1.90705057892,0.0,0,1,0
1,1,0,0,0,0,0.0,1.0,1,1,0,0,0.912623878528,0.2,0,0,0
1,1,0,0,0,0,1.0,1.0,0,1,0,0,6.36782842395,2.3,1,0,0
1,1,0,0,0,0,0.0,1.0,1,0,0,1,8.90677460423,-5.4,0,1,1
1,1,0,0,0,0,0.0,1.0,0,1,0,0,2.80785569976,0.0,0,1,0
1,1,0,0,0,0,0.0,1.0,1,0,0,1,7.04682057895,8.1,0,1,0
1,1,0,0,0,0,0.0,1.0,1,1,0,0,5.57286077742,2.9,0,1,0
0,1,0,0,0,0,0.0,0.0,0,1,0,0,2.94808433601,0.0,0,1,1
0,1,0,0,0,0,0.0,0.0,0,1,0,0,0.914111938302,0.0,0,1,1
1,1,0,0,0,0,1.0,1.0,0,1,0,0,3.00920743897,21.0,0,0,1
0,0,0,0,1,0,1.0,0.0,0,1,0,0,1.23806778218,0.0,1,0,1
0,1,0,0,0,0,0.0,1.0,1,0,0,1,13.1293674202,4.2,0,1,1
0,0,0,0,0,0,0.0,0.0,1,1,0,0,0.912623878528,0.2,0,0,1
0,0,1,0,0,0,0.0,1.0,0,1,0,0,0.912623878528,0.2,0,0,0
0,1,0,0,0,0,0.0,1.0,0,1,0,0,5.60284334183,5.9,1,0,1
1,0,1,0,0,0,0.0,1.0,0,1,0,0,2.42397261049,0.0,0,1,1
0,0,1,0,0,0,0.0,0.0,0,0,0,1,5.2306235496,3.8,0,1,0
0,1,0,0,0,0,0.0,1.0,0,1,0,0,2.41064832357,0.0,0,1,1
0,1,0,0,0,0,0.0,0.0,1,1,0,0,4.259396922,1.1,0,1,1
1,0,0,0,0,0,0.0,0.0,0,0,0,1,2.94808433601,0.0,0,1,0
1,1,0,0,0,0,0.0,1.0,0,1,0,0,9.30617167755,3.8,0,0,0
0,1,0,0,0,0,0.0,1.0,0,1,0,0,13.1293674202,4.2,0,1,0
1,1,0,0,0,0,0.0,1.0,1,1,0,0,2.41064832357,0.0,0,1,1
1,1,0,0,0,0,0.0,1.0,1,1,0,0,1.58890478659,0.9,0,1,1
1,1,0,0,0,0,1.0,0.0,1,0,1,0,1.23806778218,0.0,1,0,1
1,1,0,0,0,0,0.0,1.0,1,1,0,0,7.04682057895,8.1,0,1,0
1,0,1,0,0,0,1.0,1.0,1,1,0,0,0.912623878528,0.2,0,0,0
1,1,0,0,0,0,1.0,1.0,0,1,0,0,15.2260017144,1.3,1,0,0
1,1,0,0,0,0,0.0,1.0,1,1,0,0,3.68808193045,0.0,0,1,0
0,0,0,0,0,0,1.0,1.0,0,0,0,1,4.98490422396,1.1,0,1,1
1,1,0,0,0,0,0.0,1.0,0,1,0,0,0.912623878528,0.2,0,0,1
0,1,0,0,0,0,0.0,0.0,0,1,0,0,8.79134649774,1.0,0,1,0
1,1,0,0,0,0,1.0,0.0,0,1,0,0,1.59409442352,0.0,0,1,0
1,1,0,0,0,0,1.0,1.0,1,1,0,0,8.90677460423,-5.4,0,1,1
1,1,0,0,0,0,1.0,1.0,0,1,0,0,1.8054844338,0.0,0,1,1
1,0,1,0,0,0,0.0,0.0,0,0,0,1,4.259396922,1.1,0,1,1
1,1,0,0,0,0,1.0,1.0,0,0,0,1,2.94808433601,0.0,0,1,0
1,1,0,0,0,0,1.0,0.0,0,1,0,0,1.74768869467,1.5,0,0,0
0,0,1,0,0,0,1.0,0.0,0,0,0,1,7.04682057895,8.1,0,1,0
1,1,0,0,0,0,1.0,0.0,0,1,0,0,15.2260017144,1.3,1,0,1
0,1,0,0,0,0,0.0,0.0,0,0,0,1,2.80785569976,0.0,0,1,0
0,0,1,0,0,0,0.0,0.0,1,0,0,1,2.27412534571,0.0,0,1,1
1,1,0,0,0,0,0.0,1.0,1,1,0,0,7.088073778,0.4,0,1,0
1,1,0,0,0,0,0.0,1.0,0,1,0,0,10.5469708099,0.0,0,1,0
1,1,0,0,0,0,0.0,0.0,0,1,0,0,10.5469708099,0.0,0,1,0
0,0,1,0,0,0,1.0,0.0,0,1,0,0,5.2306235496,3.8,0,1,0
0,1,0,0,0,0,0.0,0.0,0,1,0,0,2.09022190259,3.6,0,0,0
1,0,1,0,0,0,1.0,1.0,0,1,0,0,2.41064832357,0.0,0,1,1
1,0,0,0,1,0,0.0,1.0,0,0,1,0,4.19268340617,3.1,1,0,0
1,1,0,0,0,0,1.0,1.0,1,1,0,0,5.59795263816,3.2,0,1,1
1,1,0,0,0,0,0.0,0.0,1,1,0,0,5.57286077742,2.9,0,1,0
1,0,1,0,0,0,0.0,0.0,0,1,0,0,5.54357634765,0.0,0,1,0
1,1,0,0,0,0,0.0,1.0,1,1,0,0,0.912623878528,0.2,0,0,0
0,1,0,0,0,0,1.0,0.0,0,1,0,0,1.59409442352,0.0,0,1,1
1,0,1,0,0,0,1.0,0.0,0,1,0,0,1.59409442352,0.0,0,1,0
0,0,1,0,0,0,0.0,0.0,0,0,0,1,2.27412534571,0.0,0,1,1
0,1,0,0,0,0,0.0,0.0,0,1,0,0,7.84862525478,4.9,0,1,0
0,0,1,0,0,0,1.0,1.0,0,1,0,0,5.57286077742,2.9,0,1,0
1,1,0,0,0,0,0.0,0.0,1,1,0,0,15.2260017144,1.3,1,0,1
0,1,0,0,0,0,0.0,0.0,1,0,0,1,2.27412534571,0.0,0,1,1
1,1,0,0,0,0,0.0,0.0,1,0,0,1,9.30617167755,3.8,0,0,1
0,1,0,0,0,0,0.0,0.0,1,1,0,0,0.912623878528,0.2,0,0,1
1,1,0,0,0,0,0.0,1.0,1,1,0,0,3.00920743897,21.0,0,0,0
1,1,0,0,0,0,0.0,0.0,0,1,0,0,2.41064832357,0.0,0,1,1
0,0,1,0,0,0,0.0,1.0,1,1,0,0,8.90677460423,-5.4,0,1,1
1,1,0,0,0,0,0.0,1.0,0,1,0,0,0.912623878528,0.2,0,0,0
0,1,0,0,0,0,0.0,1.0,1,1,0,0,2.94808433601,0.0,0,1,1
1,1,0,0,0,0,0.0,0.0,1,1,0,0,3.68808193045,0.0,0,1,0
1,1,0,0,0,0,1.0,1.0,0,1,0,0,0.912623878528,0.2,0,0,1
1,0,0,0,0,0,0.0,0.0,1,1,0,0,5.2306235496,3.8,0,1,0
1,1,0,0,0,0,1.0,0.0,0,1,0,0,13.4423293954,1.2,0,0,1
0,1,0,0,0,0,1.0,0.0,1,1,0,0,1.14537450597,16.8,0,0,1
1,1,0,0,0,0,1.0,1.0,1,1,0,0,6.90006830956,2.0,1,0,0
0,1,0,0,0,0,0.0,0.0,1,1,0,0,1.80869149098,0.0,0,1,1
0,0,1,0,0,0,1.0,0.0,0,0,0,1,2.27412534571,0.0,0,1,1
0,1,0,0,0,0,1.0,1.0,1,1,0,0,15.2260017144,1.3,1,0,1
1,1,0,0,0,0,1.0,1.0,1,1,0,0,1.90705057892,0.0,0,1,1
0,1,0,0,0,0,0.0,0.0,1,0,0,1,7.34192503794,5.4,0,1,1
1,1,0,0,0,0,1.0,1.0,0,1,0,0,0.912623878528,0.2,0,0,1
1,1,0,0,0,0,0.0,0.0,0,1,0,0,15.2260017144,1.3,1,0,0
0,1,0,0,0,0,0.0,1.0,0,1,0,0,7.088073778,0.4,0,1,0
1,0,0,0,0,0,0.0,1.0,1,1,0,0,5.57286077742,2.9,0,1,0
0,1,0,0,0,0,1.0,1.0,1,1,0,0,8.90677460423,-5.4,0,1,1
0,1,0,0,0,0,1.0,1.0,0,1,0,0,6.36782842395,2.3,1,0,1
1,1,0,0,0,0,0.0,0.0,0,1,0,0,0.912623878528,0.2,0,0,0
0,1,0,0,0,0,0.0,1.0,1,0,0,1,5.57286077742,2.9,0,1,1
0,1,0,0,0,0,0.0,1.0,0,1,0,0,9.57879996016,1.2,1,0,1
0,1,0,0,0,0,0.0,0.0,0,1,0,0,0.912623878528,0.2,0,0,0
1,1,0,0,0,0,1.0,0.0,0,0,1,0,6.36782842395,2.3,1,0,0
1,1,0,0,0,0,1.0,1.0,0,1,0,0,0.912623878528,0.2,0,0,1
0,0,0,0,0,0,1.0,1.0,0,1,0,0,0.912623878528,0.2,0,0,0
1,0,1,0,0,0,0.0,1.0,0,1,0,0,2.42397261049,0.0,0,1,0
1,0,1,0,0,0,1.0,1.0,1,1,0,0,0.912623878528,0.2,0,0,1
0,1,0,0,0,0,0.0,0.0,1,0,0,1,6.90006830956,2.0,1,0,1
1,0,1,0,0,0,1.0,0.0,0,1,0,0,2.41064832357,0.0,0,1,1
1,1,0,0,0,0,0.0,1.0,1,1,0,0,15.2260017144,1.3,1,0,1
1,1,0,0,0,0,1.0,1.0,0,1,0,0,0.912623878528,0.2,0,0,1
0,1,0,0,0,0,0.0,0.0,0,1,0,0,12.6958627488,1.3,1,0,1
0,1,0,0,0,0,0.0,0.0,0,0,0,1,4.259396922,1.1,0,1,0
1,1,0,0,0,0,0.0,0.0,0,1,0,0,6.90006830956,2.0,1,0,0
1,1,0,0,0,0,0.0,0.0,0,1,0,0,9.30617167755,3.8,0,0,0
1,1,0,0,0,0,0.0,0.0,1,1,0,0,2.94808433601,0.0,0,1,0
0,0,1,0,0,0,1.0,1.0,1,1,0,0,2.42397261049,0.0,0,1,1
1,0,1,0,0,0,1.0,1.0,1,1,0,0,5.57286077742,2.9,0,1,0
1,0,0,1,0,0,1.0,1.0,1,1,0,0,8.90677460423,-5.4,0,1,1
0,1,0,0,0,0,0.0,1.0,1,1,0,0,2.41064832357,0.0,0,1,1
1,0,1,0,0,0,0.0,0.0,0,1,0,0,0.912623878528,0.2,0,0,0
0,0,1,0,0,0,1.0,0.0,1,1,0,0,15.2260017144,1.3,1,0,1
0,0,1,0,0,0,0.0,1.0,1,1,0,0,7.34192503794,5.4,0,1,0
0,0,0,0,1,0,0.0,1.0,0,1,0,0,1.23806778218,0.0,1,0,1
0,1,0,0,0,0,1.0,1.0,1,1,0,0,1.80869149098,0.0,0,1,1
1,1,0,0,0,0,0.0,1.0,1,1,0,0,14.6773700831,0.0,1,0,0
0,1,0,0,0,0,0.0,0.0,0,1,0,0,0.912623878528,0.2,0,0,0
0,1,0,0,0,0,0.0,1.0,1,1,0,0,8.90677460423,-5.4,0,1,1
0,1,0,0,0,0,0.0,1.0,0,1,0,0,1.59409442352,0.0,0,1,1
1,1,0,0,0,0,0.0,1.0,1,1,0,0,7.088073778,0.4,0,1,1
1,1,0,0,0,0,0.0,0.0,0,1,0,0,13.4423293954,1.2,0,0,0
1,0,1,0,0,0,0.0,1.0,0,1,0,0,4.98490422396,1.1,0,1,0
0,1,0,0,0,0,1.0,1.0,1,0,1,0,4.19268340617,3.1,1,0,1
1,1,0,0,0,0,1.0,1.0,1,1,0,0,10.5469708099,0.0,0,1,1
1,1,0,0,0,0,1.0,1.0,1,1,0,0,14.6773700831,0.0,1,0,1
0,1,0,0,0,0,0.0,1.0,1,0,0,1,7.04682057895,8.1,0,1,1
1,0,1,0,0,0,1.0,1.0,0,1,0,0,5.2306235496,3.8,0,1,1
0,0,0,0,0,0,0.0,0.0,0,1,0,0,0.912623878528,0.2,0,0,0
0,1,0,0,0,0,1.0,1.0,0,1,0,0,0.912623878528,0.2,0,0,0
0,1,0,0,0,0,1.0,1.0,0,1,0,0,2.42397261049,0.0,0,1,1
0,1,0,0,0,0,0.0,1.0,1,1,0,0,4.98490422396,1.1,0,1,1
1,1,0,0,0,0,0.0,1.0,1,1,0,0,13.1293674202,4.2,0,1,0
0,1,0,0,0,0,0.0,0.0,0,1,0,0,9.30617167755,3.8,0,0,0
0,0,1,0,0,0,0.0,0.0,1,1,0,0,2.41064832357,0.0,0,1,1
0,0,0,1,0,0,1.0,0.0,0,1,0,0,8.90677460423,-5.4,0,1,1
0,0,1,0,0,0,1.0,0.0,0,1,0,0,2.27412534571,0.0,0,1,0
0,1,0,0,0,0,1.0,1.0,1,0,0,1,7.04682057895,8.1,0,1,1
1,1,0,0,0,0,1.0,0.0,0,1,0,0,13.1293674202,4.2,0,1,1
1,1,0,0,0,0,1.0,1.0,0,1,0,0,4.19268340617,3.1,1,0,1
0,0,1,0,0,0,1.0,0.0,0,0,0,1,2.41064832357,0.0,0,1,0
0,1,0,0,0,0,0.0,1.0,1,1,0,0,2.09022190259,3.6,0,0,1
0,1,0,0,0,0,0.0,1.0,0,1,0,0,14.6773700831,0.0,1,0,0
1,1,0,0,0,0,1.0,1.0,1,1,0,0,2.80785569976,0.0,0,1,1
0,0,0,0,0,1,0.0,1.0,1,1,0,0,11.6915611959,0.0,0,1,1
0,1,0,0,0,0,0.0,0.0,0,0,1,0,1.74768869467,1.5,0,0,1
0,1,0,0,0,0,0.0,0.0,1,1,0,0,5.54357634765,0.0,0,1,0
1,0,0,0,0,0,0.0,1.0,0,1,0,0,6.6653587759,25.8,0,0,0
1,1,0,0,0,0,0.0,1.0,1,1,0,0,14.6773700831,0.0,1,0,1
0,1,0,0,0,0,1.0,0.0,1,1,0,0,1.14537450597,16.8,0,0,0
0,0,1,0,0,0,0.0,0.0,0,1,0,0,4.98490422396,1.1,0,1,0
0,1,0,0,0,0,0.0,0.0,0,0,0,0,18.416482176,113.1,0,0,1
0,1,0,0,0,0,0.0,1.0,0,1,0,0,1.59409442352,0.0,0,1,1
1,1,0,0,0,0,0.0,1.0,1,1,0,0,1.74768869467,1.5,0,0,1
0,1,0,0,0,0,0.0,1.0,0,1,0,0,5.08061049195,20.3,0,0,0
1,0,1,0,0,0,0.0,1.0,0,0,0,0,1.8054844338,0.0,0,1,1
0,1,0,0,0,0,0.0,0.0,0,1,0,0,2.09022190259,3.6,0,0,1
0,1,0,0,0,0,1.0,0.0,1,1,0,0,2.80785569976,0.0,0,1,1
0,0,0,0,1,0,1.0,1.0,1,1,0,0,2.94808433601,0.0,0,1,0
1,1,0,0,0,0,1.0,0.0,0,1,0,0,1.59409442352,0.0,0,1,1
1,0,0,0,0,0,0.0,0.0,0,1,0,0,2.09022190259,3.6,0,0,1
0,1,0,0,0,0,1.0,1.0,1,1,0,0,1.59409442352,0.0,0,1,1
0,0,1,0,0,0,1.0,0.0,0,0,0,1,1.8054844338,0.0,0,1,1
0,1,0,0,0,0,1.0,1.0,1,1,0,0,2.94808433601,0.0,0,1,1
1,0,0,0,0,1,1.0,0.0,0,0,0,1,1.58890478659,0.9,0,1,1
0,0,1,0,0,0,0.0,0.0,0,1,0,0,8.79134649774,1.0,0,1,1
1,1,0,0,0,0,0.0,0.0,0,1,0,0,7.84862525478,4.9,0,1,0
1,0,1,0,0,0,1.0,1.0,0,0,0,1,2.80785569976,0.0,0,1,0
0,1,0,0,0,0,0.0,0.0,0,1,0,0,3.68808193045,0.0,0,1,0
1,0,0,0,0,0,0.0,0.0,1,0,0,1,5.2306235496,3.8,0,1,1
0,0,1,0,0,0,1.0,0.0,0,0,0,1,5.57286077742,2.9,0,1,0
1,1,0,0,0,0,0.0,1.0,1,1,0,0,13.1293674202,4.2,0,1,1
0,1,0,0,0,0,0.0,0.0,1,0,0,1,2.80785569976,0.0,0,1,0
1,0,1,0,0,0,1.0,0.0,0,0,0,1,5.57286077742,2.9,0,1,1
1,0,1,0,0,0,0.0,1.0,1,1,0,0,1.8054844338,0.0,0,1,1
0,1,0,0,0,0,0.0,1.0,1,1,0,0,7.84862525478,4.9,0,1,0
1,0,1,0,0,0,1.0,1.0,0,1,0,0,7.34192503794,5.4,0,1,0
0,1,0,0,0,0,1.0,1.0,1,1,0,0,0.914111938302,0.0,0,1,1
1,1,0,0,0,0,0.0,1.0,1,1,0,0,1.90705057892,0.0,0,1,1
0,0,1,0,0,0,0.0,0.0,0,0,0,1,4.259396922,1.1,0,1,0
1,1,0,0,0,0,1.0,1.0,1,1,0,0,1.59409442352,0.0,0,1,0
0,1,0,0,0,0,1.0,0.0,0,0,0,1,2.09022190259,3.6,0,0,1
0,0,1,0,0,0,0.0,0.0,1,1,0,0,13.1293674202,4.2,0,1,0
0,0,1,0,0,0,0.0,0.0,0,0,0,1,4.259396922,1.1,0,1,0
1,1,0,0,0,0,1.0,1.0,0,0,0,1,0.914111938302,0.0,0,1,0
0,1,0,0,0,0,0.0,1.0,1,0,0,1,7.34192503794,5.4,0,1,1
0,1,0,0,0,0,1.0,1.0,1,1,0,0,1.59409442352,0.0,0,1,1
1,0,0,0,0,0,0.0,1.0,1,0,0,1,1.55418524956,0.0,0,1,1
0,1,0,0,0,0,1.0,0.0,0,1,0,0,1.74768869467,1.5,0,0,0
1,1,0,0,0,0,0.0,1.0,0,0,0,1,5.2306235496,3.8,0,1,0
0,1,0,0,0,0,1.0,1.0,1,1,0,0,1.80869149098,0.0,0,1,1
1,1,0,0,0,0,0.0,1.0,0,0,0,1,7.34192503794,5.4,0,1,1
0,1,0,0,0,0,0.0,1.0,1,1,0,0,1.59409442352,0.0,0,1,1
0,1,0,0,0,0,0.0,0.0,0,1,0,0,2.09022190259,3.6,0,0,0
1,1,0,0,0,0,0.0,1.0,1,1,0,0,2.94808433601,0.0,0,1,1
0,1,0,0,0,0,1.0,1.0,1,1,0,0,5.57286077742,2.9,0,1,0
0,1,0,0,0,0,0.0,0.0,0,1,0,0,2.27412534571,0.0,0,1,1
1,0,1,0,0,0,1.0,0.0,0,0,0,1,2.41064832357,0.0,0,1,1
0,1,0,0,0,0,0.0,1.0,0,1,0,0,3.03412296034,14.6,0,0,1
0,1,0,0,0,0,0.0,1.0,1,1,0,0,1.90705057892,0.0,0,1,1
0,0,0,0,0,0,1.0,1.0,1,1,0,0,5.59795263816,3.2,0,1,0
1,0,0,1,0,0,1.0,1.0,1,1,0,0,2.80785569976,0.0,0,1,1
1,1,0,0,0,0,0.0,1.0,1,1,0,0,4.98490422396,1.1,0,1,1
0,1,0,0,0,0,0.0,1.0,0,1,0,0,11.6915611959,0.0,0,1,1
0,1,0,0,0,0,1.0,1.0,0,1,0,0,1.74768869467,1.5,0,0,1
1,0,1,0,0,0,0.0,1.0,1,1,0,0,1.8054844338,0.0,0,1,0
1,1,0,0,0,0,0.0,1.0,0,1,0,0,2.94808433601,0.0,0,1,0
0,1,0,0,0,0,1.0,0.0,0,1,0,0,8.90677460423,-5.4,0,1,0
1,1,0,0,0,0,0.0,0.0,1,1,0,0,2.27412534571,0.0,0,1,1
1,0,0,0,0,0,1.0,1.0,0,1,0,0,1.59409442352,0.0,0,1,1
1,0,1,0,0,0,0.0,0.0,1,0,0,1,3.68808193045,0.0,0,1,0
1,1,0,0,0,0,0.0,1.0,1,1,0,0,2.94808433601,0.0,0,1,0
0,1,0,0,0,0,0.0,1.0,1,0,0,1,4.259396922,1.1,0,1,0
0,0,1,0,0,0,0.0,0.0,0,0,0,1,7.088073778,0.4,0,1,0
0,0,0,1,0,0,0.0,1.0,1,1,0,0,3.68808193045,0.0,0,1,1
0,0,0,0,0,0,1.0,1.0,0,1,0,0,4.259396922,1.1,0,1,1
0,1,0,0,0,0,1.0,1.0,1,1,0,0,2.94808433601,0.0,0,1,1
0,1,0,0,0,0,1.0,1.0,1,0,0,1,4.259396922,1.1,0,1,1
0,1,0,0,0,0,0.0,0.0,1,1,0,0,1.55418524956,0.0,0,1,0
0,1,0,0,0,0,1.0,1.0,0,1,0,0,7.84862525478,4.9,0,1,1
0,1,0,0,0,0,0.0,1.0,1,1,0,0,5.57286077742,2.9,0,1,1
0,0,1,0,0,0,0.0,0.0,0,0,0,1,5.57286077742,2.9,0,1,0
0,0,1,0,0,0,0.0,0.0,0,0,0,1,5.57286077742,2.9,0,1,0
1,1,0,0,0,0,1.0,1.0,1,1,0,0,7.34192503794,5.4,0,1,1
