lon,lat,county,current_zipcode,preIrma_zipcode,coast_dist
-81.33699799,28.39889526,orange,32824,32824,50 to 70 miles
-81.51580048,28.73129272,citrus,34465,34434,More than 70 miles
-80.10410309,26.45410156,palm beach county,33445,33445,1 to 10 mile
-86.26830292,12.15080261,Broward,33326,33326,30 to 50 miles
-73.98259735,40.73910522,USA,90001,90001,10 to 30 miles
-80.60140228,27.76780701,broward,33064,33064,1 to 10 mile
-87.18499756,30.66679382,santa rosa,32571,32571,30 to 50 miles
80.61669922,16.51669312,white,32827,32827,1 to 10 mile
-73.94689941,40.71110535,new york,90001,90001,10 to 30 miles
-73.99330139,40.76049805,USA,90016,90016,10 to 30 miles
-80.14959717,26.02220154,boward,33020,33020,10 to 30 miles
,,Seminole,32708,32708,30 to 50 miles
,,duval,32065,32065,10 to 30 miles
-82.78839874,27.9098053,Pinellas,33716,45103,Within 1 mile
-82.78839874,27.9098053,Pinellas,33774,33774,Within 1 mile
-81.19760132,28.51060486,seminole,32828,32707,30 to 50 miles
,,Orange,32712,32712,30 to 50 miles
-72.03330231,9.983306885,Hamilton ,33032,33032,30 to 50 miles
-80.21700287,26.94670105,palm beach,33418,33418,30 to 50 miles
-82.73880005,28.23970032,Pasco,34653,34653,1 to 10 mile
-81.33309937,28.49150085,Orange,32801,32801,More than 70 miles
-77.08860016,-12.0677948,Broward,33020,33020,1 to 10 mile
-80.85230255,28.53109741,VOULUSIA,32114,32114,1 to 10 mile
-80.17870331,26.5171051,Palm Beach,33437,33437,10 to 30 miles
-82.09670258,29.16540527,Marion,34491,34491,30 to 50 miles
-81.27629852,28.68119812,seminole,32707,32792,30 to 50 miles
-81.08319855,28.65809631,Orange,32825,32825,30 to 50 miles
,,St Johns,32084,32084,Within 1 mile
-80.85230255,28.53109741,Brevard,32754,32754,1 to 10 mile
-80.22380066,26.1829071,broward,33321,33321,10 to 30 miles
-82.76249695,28.08590698,Pinellas,34683,34683,10 to 30 miles
-82.78839874,27.9098053,Pinellas,33709,33709,1 to 10 mile
-80.16249847,25.93319702,miami dade,33180,33180,10 to 30 miles
,,Monroe,33040,33040,Within 1 mile
-81.58719635,30.37030029,Duval,32277,32277,10 to 30 miles
,,Cutler Bay,33189,33157,1 to 10 mile
-82.02709961,26.69830322,Charlotte,33950,33950,10 to 30 miles
-80.21869659,26.34840393,Broward,33312,33312,1 to 10 mile
-81.31780243,28.75889587,SEMINOLE,32746,32746,10 to 30 miles
-80.34339905,25.98249817,Broward,33024,33024,10 to 30 miles
-81.3792038,28.53829956,St Lucie,34983,32792,1 to 10 mile
-81.35780334,28.51010132,St Lucie,34949,34949,Within 1 mile
-82.43139648,27.71009827,Hillsborough,33619,33573,1 to 10 mile
-81.62210083,28.63439941,Polk county ,33838,33838,50 to 70 miles
,,Volusia,32176,32176,Within 1 mile
,,Dade,33167,33167,30 to 50 miles
,,Hillsborough,33602,33602,10 to 30 miles
-82.47229767,27.93919373,Broward,33606,33024,Within 1 mile
-80.3423996,25.56759644,miami dade,33190,33190,Within 1 mile
-80.86560059,28.97819519,volusia,32168,32168,1 to 10 mile
-76.14679718,36.89289856,Duval,23455,32256,10 to 30 miles
-66.91670227,10.5,Miami dade,33172,33172,30 to 50 miles
-82.59049988,28.00639343,Hillsborough,33615,33615,10 to 30 miles
-97.8219986,37.75100708,Citrus,34436,34436,10 to 30 miles
-80.08550262,26.3453064,Palm Beach,33442,33442,1 to 10 mile
-80.23919678,25.89039612,Miami Dade,33147,33147,10 to 30 miles
,,broward,33327,33327,10 to 30 miles
-82.71360016,27.90539551,Pinellas,33760,33760,Within 1 mile
-82.32649994,27.86610413,HILLSBOROUGH,33610,33610,10 to 30 miles
-82.73760223,27.72070313,Pinellas,33707,33707,1 to 10 mile
-81.41880035,28.66529846,SEMINOLE,32714,32714,30 to 50 miles
-82.78839874,27.9098053,Pinellas,33756,33756,1 to 10 mile
-80.11100006,26.19059753,broward,33308,33308,1 to 10 mile
,,orange,32835,32835,30 to 50 miles
-82.63680267,27.38529968,Manatee,34228,34228,Within 1 mile
-81.89969635,26.55839539,Lee,33990,33993,10 to 30 miles
-81.55180359,28.48069763,Orange,32835,32835,50 to 70 miles
-73.97250366,40.84829712,pinellas,34677,34677,10 to 30 miles
,,Marion,34470,34470,30 to 50 miles
-80.26689911,26.21200562,Broward,33321,33321,1 to 10 mile
-87.21230316,30.53819275,escambia,32533,20755,10 to 30 miles
-81.55180359,28.48069763,Orange,32835,32835,30 to 50 miles
-80.22229767,26.0697937,Broward,33314,33314,1 to 10 mile
,,hillsborough,33601,33601,10 to 30 miles
,,Broward,33325,33325,10 to 30 miles
-81.40499878,30.28010559,Duval,32227,32227,Within 1 mile
,,Lake,32776,32776,More than 70 miles
-80.23329926,25.75289917,Dade,33145,33145,1 to 10 mile
,,Orange,32818,32818,50 to 70 miles
-81.85549927,28.73939514,Volusia County,34748,32763,30 to 50 miles
-80.71080017,28.14239502,brevard,32935,32935,10 to 30 miles
,,St Johns,32084,32084,1 to 10 mile
-80.67250061,28.46380615,Brevard,32953,32953,1 to 10 mile
-73.99749756,40.73080444,Pinellas,33713,33713,1 to 10 mile
-66.61669922,10.46670532,Miami Dade,33032,33032,More than 70 miles
-80.18170166,25.77409363,Miami Dade County,33169,33169,10 to 30 miles
-87.2173996,30.46209717,Escambia,32514,32506,1 to 10 mile
-111.917099,33.43569946,homestead,33032,33032,1 to 10 mile
,,Seminole,32765,32765,More than 70 miles
-80.08059692,26.57919312,Palm Beach,33406,33406,1 to 10 mile
,,Seminole,32771,43205,30 to 50 miles
-86.77700043,36.14729309,Miami Dade,33193,33025,10 to 30 miles
,,Pasco,34668,34668,More than 70 miles
-81.51499939,30.28660583,duval,32246,32246,10 to 30 miles
-82.74160004,27.92900085,Pinellas,33772,33772,1 to 10 mile
,,Orange,32824,32824,30 to 50 miles
,,polk,33801,33801,50 to 70 miles
78.47439575,17.37530518,Texas,32003,32003,10 to 30 miles
-79.36260223,43.65550232,Pinellas,33701,33701,1 to 10 mile
,,Miami Dade,33155,33155,1 to 10 mile
,,Duval,32208,32208,10 to 30 miles
-82.52390289,28.0821991,Hillsborough,33558,33558,30 to 50 miles
-87.37090302,30.75019836,Escambia,32533,32533,10 to 30 miles
-80.25119781,26.63859558,palm beach,33484,33484,1 to 10 mile
-82.47969818,28.25799561,Pasco,33556,33626,10 to 30 miles
-81.48349762,28.52250671,Orange,32810,32810,More than 70 miles
-87.36009979,30.5019989,dade,32533,32533,1 to 10 mile
-80.65280151,28.14900208,Palm Beach,32940,33446,50 to 70 miles
-81.62999725,28.76199341,Lake,32726,32726,30 to 50 miles
,,Duval,32210,32210,More than 70 miles
-73.99749756,40.73080444,Miami,33111,33111,10 to 30 miles
,,Escambia,32514,32514,1 to 10 mile
-81.43360138,28.61849976,Alachua,32609,32609,More than 70 miles
,,Escambia,32506,32506,More than 70 miles
-82.32009888,28.2059021,pasco,33558,33558,30 to 50 miles
-82.23639679,27.93789673,Hillsborough,33596,22153,30 to 50 miles
,,palm beach,33431,33431,10 to 30 miles
,,EScambia,32514,32516,10 to 30 miles
-81.19909668,28.67660522,Seminole,32765,32765,30 to 50 miles
-81.86299896,30.08309937,clay,32068,32068,10 to 30 miles
-81.19480133,29.30050659,Volusia,32759,32141,1 to 10 mile
-80.35939789,25.73410034,Miami Dade,33193,33193,10 to 30 miles
-81.86530304,29.24609375,Orange,32712,32712,50 to 70 miles
-86.62979889,30.42179871,okaloosa,32547,32547,10 to 30 miles
-84.33209991,30.52520752,Leon,32303,32303,10 to 30 miles
-82.73880005,28.23970032,PASCO,34653,34653,1 to 10 mile
-81.22149658,26.23039246,Collier,34142,34142,10 to 30 miles
-81.58509827,30.27929688,Duval,32207,32207,30 to 50 miles
-82.58350372,27.48280334,Manatee,34209,34209,Within 1 mile
-82.32649994,27.86610413,Hillsborough,33579,33578,1 to 10 mile
-81.42639923,30.28779602,Duval,32250,32250,1 to 10 mile
-82.57749939,27.43730164,Manatee,34210,34210,10 to 30 miles
-81.02480316,29.13479614,Volusia,32127,32127,Within 1 mile
-81.3792038,28.53829956,Hernando,34606,34606,1 to 10 mile
-81.44100189,28.58009338,Orange,32808,32810,30 to 50 miles
-81.51820374,30.17959595,duval,32246,32266,1 to 10 mile
-85.3082962,36.38679504,Monroe,33070,33070,Within 1 mile
-81.00749969,29.16220093,Volusia,32129,32129,1 to 10 mile
-82.38549805,29.67660522,Alachua,32643,32643,More than 70 miles
-81.58509827,30.27929688,duval,32256,32256,10 to 30 miles
-81.48349762,28.52250671,Orange,32808,53590,More than 70 miles
-81.70929718,26.26660156,Lee,33974,33974,10 to 30 miles
-81.19760132,28.51060486,Orange,32828,32828,30 to 50 miles
-81.49900055,30.353302,Duval ,32225,32225,1 to 10 mile
-80.25800323,26.27200317,Broward,33071,33071,10 to 30 miles
-82.68779755,27.73269653,PINELLAS,33710,33710,10 to 30 miles
-81.19480133,29.30050659,Volusia,32174,32174,1 to 10 mile
-82.72669983,28.08590698,Pinellas,34683,34683,1 to 10 mile
-80.22640228,26.11099243,lee,33908,33908,1 to 10 mile
-81.30039978,28.55349731,Orange,32812,32822,30 to 50 miles
-82.50050354,28.37750244,hernando,34610,34639,10 to 30 miles
-82.35289764,28.12030029,Hillsborough,33647,33647,30 to 50 miles
-118.3216019,34.17160034,Orlando,32818,32818,50 to 70 miles
-81.16470337,28.53410339,orange,32828,32828,10 to 30 miles
-84.20549774,30.57949829,Wakulla,32327,32327,10 to 30 miles
-73.68979645,43.35229492,escambia,32506,32506,1 to 10 mile
-97.8219986,37.75100708,Gilchrist,32693,32693,30 to 50 miles
-111.917099,33.43569946,Miami,33032,33032,More than 70 miles
-80.49189758,27.80070496,indian river,32958,32958,1 to 10 mile
-82.78839874,27.9098053,Pinellas,33771,26164,1 to 10 mile
-82.59989929,28.47720337,Broward,33304,33449,Within 1 mile
-81.83209991,30.21789551,duval,32244,32244,10 to 30 miles
-81.71520233,28.77600098,lake,32757,32757,50 to 70 miles
-81.51820374,30.17959595,Duval,32246,32257,10 to 30 miles
-82.73880005,28.23970032,pasco,34652,34652,Within 1 mile
-82.45839691,27.94749451,Hernando,34609,34604,1 to 10 mile
-81.84339905,26.71440125,Lee,33917,33917,1 to 10 mile
-82.58350372,27.48280334,Manatee,34210,34210,1 to 10 mile
-81.67359924,27.97309875,polk,33884,34747,30 to 50 miles
-81.30549622,28.6078949,Orange,32792,32792,30 to 50 miles
-81.63189697,28.47680664,Orange,34787,34787,10 to 30 miles
-86.78440094,36.16589355,Orange,34786,34786,50 to 70 miles
-82.32009888,28.2059021,hillsborough,33624,33624,More than 70 miles
-81.42639923,30.28779602,Duval,32224,32224,1 to 10 mile
-80.09249878,26.72120667,Palm Beach,33405,33405,Within 1 mile
-80.32559967,26.11300659,Miami Dade,33186,33186,10 to 30 miles
-82.59989929,28.47720337,hernando,34606,33771,1 to 10 mile
-82.44760132,28.13600159,Hillsborough,33618,33618,10 to 30 miles
-81.53070068,28.66160583,Osceola,34747,34747,More than 70 miles
-82.15540314,26.97720337,Charlotte,33948,33948,10 to 30 miles
-82.47100067,27.21870422,Sarasota,34231,34231,1 to 10 mile
-81.30549622,28.6078949,Orange,32789,32789,10 to 30 miles
-81.51580048,28.73129272,Bradford,32091,32091,30 to 50 miles
-84.38770294,33.7980957,Orange ,32837,32837,10 to 30 miles
-82.45010376,27.08399963,Sarasota,34293,34293,1 to 10 mile
-80.50959778,27.96679688,Brevard,32951,32951,Within 1 mile
-82.35250092,27.04069519,sarasota,34293,34293,1 to 10 mile
-81.35890198,28.60240173,Orange,32751,32751,30 to 50 miles
-87.1996994,30.48049927,Escambia,32533,32533,10 to 30 miles
-81.48349762,28.52250671,Orange,32808,32808,30 to 50 miles
-82.3214035,29.64329529,Alachua,32601,32601,30 to 50 miles
-81.58229828,30.334198,DUVAL,32211,32211,10 to 30 miles
-80.40440369,25.73629761,Miami dade,33156,33156,1 to 10 mile
-81.87129974,27.18699646,Lee,33905,33905,1 to 10 mile
-87.21230316,30.53819275,Escambia,32514,21958,1 to 10 mile
-81.6187973,30.24060059,duval,32256,32256,30 to 50 miles
-85.16049957,30.51480103,Gulf,32465,32465,10 to 30 miles
-82.71360016,27.90539551,Pinellas,33706,33706,Within 1 mile
-82.32790375,28.23970032,Pasco,33545,33545,More than 70 miles
-82.70939636,27.8625946,Pinellas ,33773,33773,1 to 10 mile
-80.08059692,26.57919312,Palm Beach County,33463,33462,10 to 30 miles
-82.75509644,27.91119385,hillsboorugh,33511,33511,1 to 10 mile
-82.59049988,28.00639343,Hillsborough,33635,33618,10 to 30 miles
-77.1710968,38.8822937,Riverview,33579,33579,10 to 30 miles
-82.51300049,28.48379517,HERNANDO,34601,34601,10 to 30 miles
-80.17870331,26.5171051,Palm Beach,33437,33437,10 to 30 miles
-81.3792038,28.53829956,Osceola,34746,34746,50 to 70 miles
-81.82949829,26.52839661,Lee,33967,33967,1 to 10 mile
-82.5306015,27.4828949,Pinellas,33704,33704,1 to 10 mile
-80.26689911,26.21200562,Broward,33311,33311,10 to 30 miles
-82.52140045,27.43930054,Manatee,34207,34207,1 to 10 mile
-81.35639954,27.24189758,Highlands,33852,45140,50 to 70 miles
-81.49900055,30.353302,Duval,32225,32225,10 to 30 miles
-80.34339905,25.98249817,Broward,33020,33020,1 to 10 mile
-82.38939667,27.17990112,Sarasota,34275,34275,1 to 10 mile
-80.05339813,26.71530151,Palm Beach County,33428,33428,1 to 10 mile
-82.77950287,27.9828949,Pinellas,33755,33755,1 to 10 mile
-81.49900055,30.353302,Duval,32225,32225,1 to 10 mile
-81.68099976,24.58569336,Monroe,33042,33042,Within 1 mile
-80.35679626,25.65859985,Dade,33126,33126,10 to 30 miles
-81.44100189,28.58009338,Orange,32808,32808,30 to 50 miles
-82.41699982,28.01460266,Hillsborough,33612,33612,1 to 10 mile
-80.35939789,25.73410034,Miami Dade,33193,33193,10 to 30 miles
-82.32649994,27.86610413,Hillsborough,33568,33756,10 to 30 miles
-80.16269684,26.40910339,Palm Beach,33496,33496,10 to 30 miles
,,Miami Dade,33176,33176,1 to 10 mile
-81.52829742,30.60049438,Nassau,32097,32097,1 to 10 mile
-81.19480133,29.30050659,volusia,32174,32114,1 to 10 mile
-81.75550079,27.73719788,polk,33898,33898,50 to 70 miles
-81.24739838,28.75239563,Seminole County,32773,6513,30 to 50 miles
-81.27629852,28.68119812,Volusia,32771,32174,50 to 70 miles
-76.51589966,42.40719604,Broward,33319,33319,10 to 30 miles
-80.67359924,28.01699829,brevard,32907,32907,Within 1 mile
-81.3513031,28.32600403,Orange ,32824,32824,30 to 50 miles
-81.30549622,28.6078949,Orange,32792,32803,30 to 50 miles
-80.37969971,27.24980164,St Lucie,34953,34953,1 to 10 mile
-82.23639679,27.93789673,Hillsborough,33596,28304,1 to 10 mile
-84.33209991,30.52520752,Leon,32304,32304,30 to 50 miles
-82.46219635,27.95779419,Hillsborough,33615,33614,30 to 50 miles
-81.3513031,28.32600403,Highlands,33875,33875,More than 70 miles
-80.28990173,25.70329285,Miami Dade,33143,33143,10 to 30 miles
-81.44100189,28.58009338,Orange,32835,32835,30 to 50 miles
-81.85549927,28.73939514,lake,34731,11234,50 to 70 miles
-80.11029816,26.52810669,Palm Beach,33435,33435,Within 1 mile
-81.19480133,29.30050659,Volusia,32174,32174,1 to 10 mile
-82.38549805,29.67660522,alachua,32605,32605,More than 70 miles
-82.35289764,28.12030029,hillsborough,33647,33647,50 to 70 miles
-80.17539978,26.08520508,broward,33312,33312,10 to 30 miles
-81.02480316,29.13479614,Jacksonville,32209,32114,10 to 30 miles
-80.20300293,25.75250244,Miami Dade,33135,33135,10 to 30 miles
-81.28949738,28.39959717,Orange,32827,32827,30 to 50 miles
-80.99980164,29.20210266,Volusia,32118,32118,Within 1 mile
-81.48349762,28.52250671,Orange,32818,32818,More than 70 miles
-80.16269684,26.40910339,Palm Beach,33496,33496,10 to 30 miles
-81.52829742,30.60049438,Nassau,32097,32097,Within 1 mile
-80.09020233,26.6638031,Palm Beach,33406,33406,1 to 10 mile
-66.91670227,10.5,,32134,32134,50 to 70 miles
-82.47969818,28.25799561,Pasco,34638,34638,10 to 30 miles
-81.93370056,28.00979614,polk,33803,33803,50 to 70 miles
-82.58350372,27.48280334,manatee,34210,34205,1 to 10 mile
-84.70510101,30.51170349,Gadsden,32351,32351,More than 70 miles
-84.25389862,30.42030334,Alachua,32601,32601,More than 70 miles
-81.35780334,28.51010132,orange,32809,32809,More than 70 miles
-80.35939789,25.73410034,miami dade,33184,33167,10 to 30 miles
-82.04949951,28.23440552,Miami dade,33179,33179,1 to 10 mile
-80.23329926,25.75289917,Miami Dade,33145,33145,1 to 10 mile
-87.21230316,30.53819275,Escambia,32506,32506,1 to 10 mile
-80.27010345,26.30310059,Broward,33063,33063,10 to 30 miles
-85.5019989,30.2315979,Bay,32404,32404,Within 1 mile
-84.20549774,30.57949829,Leon,32304,32304,10 to 30 miles
-82.70939636,27.8625946,pinellas,33709,33709,1 to 10 mile
-87.2173996,30.46209717,escambia,32502,32502,More than 70 miles
-82.62550354,27.81520081,Pinellas,33740,33740,Within 1 mile
-81.83209991,30.21789551,Clay,32073,32073,10 to 30 miles
-81.23480225,28.88409424,volusia,32738,32738,10 to 30 miles
-82.45149994,28.09069824,Hillsborough,33620,33620,30 to 50 miles
-87.66069794,41.95599365,seminole,60657,32701,50 to 70 miles
-86.80249786,33.52070618,Dixie,32680,34205,30 to 50 miles
-80.23950195,25.78289795,Miami dade,33012,33010,1 to 10 mile
-81.00749969,29.16220093,Volusia,32129,32129,1 to 10 mile
-81.62210083,28.63439941,Hillsborough,33558,33558,10 to 30 miles
-80.18000031,25.95700073,Miami Dade,33179,33179,1 to 10 mile
-82.47229767,28.93449402,Citrus,34465,34465,10 to 30 miles
-81.51580048,28.73129272,Seminole,32703,32704,30 to 50 miles
-81.77149963,30.16720581,Clay,32003,32003,30 to 50 miles
-81.42459869,28.30690002,Osceola,34741,34741,50 to 70 miles
-81.7539978,30.21870422,duval,32210,32210,10 to 30 miles
-80.20780182,26.58839417,Palm Beach County,33467,33467,10 to 30 miles
-80.2071991,26.70629883,Palm Beach,33411,33411,10 to 30 miles
-80.67359924,28.01699829,Brevard,32907,32907,10 to 30 miles
-81.24739838,28.75239563,Seminole,32773,32773,30 to 50 miles
123.8916931,10.31109619,Broward,34476,33065,10 to 30 miles
-81.58229828,30.334198,Duval,32246,33431,10 to 30 miles
3.395797729,6.453094482,Liberty county,32095,32095,10 to 30 miles
-84.33209991,30.52520752,leon,32304,32304,10 to 30 miles
-80.6115036,28.0381012,Brevard,32905,32905,1 to 10 mile
-81.86209869,26.48669434,Lee,33908,4210,1 to 10 mile
-80.75340271,28.07820129,Brevard,32901,32901,Within 1 mile
-81.46530151,28.45170593,Polk,33897,33837,More than 70 miles
-81.21749878,29.57060242,Flagler,32164,32164,1 to 10 mile
-81.16470337,28.53410339,orlando,32771,32771,10 to 30 miles
-81.58719635,30.37030029,duval,32277,32277,10 to 30 miles
-72.03330231,9.983306885,Condado de Hamilton,33032,33032,30 to 50 miles
-66.0,8.0,weston,33325,33325,More than 70 miles
-81.17240143,28.39970398,Orange,32832,32832,50 to 70 miles
-81.6556015,30.3321991,Duval,32256,32256,10 to 30 miles
-81.36180115,28.83009338,Seminole,32771,32771,30 to 50 miles
-80.34339905,25.98249817,Miami dade,33125,33125,1 to 10 mile
-81.87539673,26.62309265,lee,33990,33990,10 to 30 miles
-80.86560059,28.97819519,Volusia,32132,32132,Within 1 mile
-81.94380188,26.57449341,Lee,33919,33919,1 to 10 mile
-82.50119781,36.46009827,Sarasota,37664,34285,1 to 10 mile
-82.72480011,27.89179993,Pinellas,33702,33702,1 to 10 mile
-80.2059021,26.24420166,Broward,33063,33063,10 to 30 miles
-81.87359619,26.55949402,Lee,33907,33907,1 to 10 mile
-82.76889801,28.02879333,Pinellas,34698,34698,1 to 10 mile
-81.30549622,28.6078949,Orange,32811,32811,10 to 30 miles
-82.6595993,28.21580505,PASCO,34653,34677,1 to 10 mile
-71.34980011,42.58790588,seminole,32708,32708,50 to 70 miles
-82.23639679,27.93789673,hillsbourgh,33594,33594,30 to 50 miles
-81.40499878,30.28010559,duval,32250,32250,Within 1 mile
-81.71520233,28.77600098,Lake,34711,34711,50 to 70 miles
-84.33209991,30.52520752,Leon,32303,32303,10 to 30 miles
-82.30239868,27.90029907,Hillsborough,33510,33510,10 to 30 miles
-81.68319702,30.39280701,Duval,32209,32209,30 to 50 miles
-81.26080322,28.56629944,orange,32801,48823,10 to 30 miles
-80.12989807,26.59579468,Palm Beach,33406,33406,1 to 10 mile
-81.49510193,28.20399475,osceola,34758,34758,30 to 50 miles
-82.62789917,28.29269409,Paco,34653,34653,1 to 10 mile
-81.48349762,28.52250671,Orange,32828,32828,10 to 30 miles
-81.58509827,30.27929688,Florida,32216,32256,30 to 50 miles
-81.49510193,28.20399475,Osceola,34758,34746,More than 70 miles
-80.35939789,25.73410034,FL,33025,33025,30 to 50 miles
-87.2173996,30.46209717,Escambia,32504,32504,1 to 10 mile
-81.44100189,28.58009338,Brevard,32903,32903,Within 1 mile
-81.04740143,29.19309998,Volusia,32129,32129,10 to 30 miles
-80.6115036,28.0381012,Brevard,32905,32905,10 to 30 miles
-81.23880005,28.49589539,Orange,32822,32822,More than 70 miles
-111.917099,33.43569946,miami,33032,33032,30 to 50 miles
-82.09670258,29.16540527,marion,34482,34482,More than 70 miles
-80.09059906,26.61759949,Palm Beach,33460,33426,Within 1 mile
-74.02459717,40.79040527,Hialeah,33016,33016,30 to 50 miles
-81.68599701,28.8742981,Lake,32726,32726,50 to 70 miles
-80.24220276,25.94889832,Miami,33014,33014,1 to 10 mile
-80.12729645,26.12089539,Broward,33020,33316,1 to 10 mile
-82.70480347,28.30310059,PASCO,34668,34668,Within 1 mile
-81.71520233,28.77600098,Lake,32757,32757,50 to 70 miles
-81.58719635,30.37030029,Duval,32246,32246,10 to 30 miles
-82.72899628,27.81889343,Pinellas,33782,33782,1 to 10 mile
-80.67359924,28.01699829,Brevard,32907,32907,10 to 30 miles
-81.19760132,28.51060486,orange,32829,32825,50 to 70 miles
-80.40350342,27.64680481,irc,32960,32960,1 to 10 mile
-81.23480225,28.88409424,volusia,32738,10462,30 to 50 miles
-81.23480225,28.88409424,Volusia,32725,32725,More than 70 miles
-81.63469696,30.1578064,Duval,32223,32223,10 to 30 miles
-84.38580322,33.7480011,Ponte Vedra Beach,35006,32004,1 to 10 mile
-81.48349762,28.52250671,orange,32819,32819,50 to 70 miles
-80.27940369,25.9828949,Dade,33186,33157,10 to 30 miles
-82.32649994,27.86610413,hillsborough,33569,33647,1 to 10 mile
-81.30549622,28.6078949,Brevard,32792,32909,10 to 30 miles
-85.67769623,30.33680725,manatee,34228,34228,1 to 10 mile
-85.26899719,29.84089661,Bay,32404,32404,Within 1 mile
-80.62400055,28.0717926,brevard,32904,32904,10 to 30 miles
-104.4083023,39.73880005,dade,80237,33196,10 to 30 miles
-81.7437973,28.27189636,Polk,33896,33896,More than 70 miles
-87.36009979,30.5019989,Escambia,32506,32506,More than 70 miles
-80.21440125,25.938797,Broward county ,33025,11203,1 to 10 mile
-111.9961014,40.69740295,Okaloosa,32579,32579,1 to 10 mile
-77.63210297,38.77009583,Orange County,32819,32819,1 to 10 mile
-81.58509827,30.27929688,Duval,32250,32250,10 to 30 miles
-112.3873978,33.37759399,Marion,85338,34491,50 to 70 miles
-80.22229767,26.0697937,BROWARD,33004,33004,10 to 30 miles
-80.22229767,26.0697937,BROWARD,33020,33020,1 to 10 mile
-81.41670227,28.30470276,Duval,32254,32210,1 to 10 mile
-82.4280014,28.48379517,Spring Hill,34608,34608,1 to 10 mile
-81.23480225,28.88409424,Orange,32825,32825,30 to 50 miles
-81.52980042,28.57040405,Seminole,32714,32714,50 to 70 miles
-82.76249695,28.08590698,Pinellas,34685,34685,1 to 10 mile
-86.77700043,36.14729309,duval,32207,32092,10 to 30 miles
-81.36620331,28.6638031,Seminole,32746,32779,30 to 50 miles
-81.39430237,28.57919312,Orange,32801,32801,50 to 70 miles
-81.58719635,30.37030029,Duval,32211,32211,10 to 30 miles
,,Dade,33169,33169,1 to 10 mile
-82.32009888,28.2059021,Pasco,33540,33540,10 to 30 miles
-82.62789917,28.29269409,Pasco,34654,34654,1 to 10 mile
-81.41139984,28.73460388,Alachua,32601,32601,30 to 50 miles
-82.65049744,28.38189697,Pasco,34668,34668,Within 1 mile
-74.02459717,40.79040527,broward,33024,33024,30 to 50 miles
-80.15180206,25.98629761,Broward,33024,33024,10 to 30 miles
-80.18000031,25.95700073,Miami Dade,33167,33167,10 to 30 miles
-82.41699982,28.01460266,hillsborough,33604,33604,10 to 30 miles
-80.41529846,26.11360168,broward,33325,33325,10 to 30 miles
-81.49279785,28.58979797,Orange,32810,32810,50 to 70 miles
-81.62480164,26.62539673,lee,33904,33904,10 to 30 miles
-80.35820007,25.70140076,Dade County,33165,33165,30 to 50 miles
-81.19909668,28.67660522,Seminole,32765,32765,More than 70 miles
-80.85230255,28.53109741,Brevard,32780,32780,1 to 10 mile
-83.03009796,30.26849365,marion,32113,32113,50 to 70 miles
-80.1710968,26.1882019,Broward,33308,33308,1 to 10 mile
-82.72899628,27.81889343,Pinellas,33777,33777,10 to 30 miles
-80.27940369,25.9828949,broward,33026,8012,10 to 30 miles
-80.40309906,25.59739685,Miami Dade,33189,33189,1 to 10 mile
-81.23480225,28.88409424,Volusia,32725,32725,10 to 30 miles
-81.62210083,28.63439941,Pinellas,34684,34684,1 to 10 mile
-82.78839874,27.9098053,Pinellas ,33764,33710,1 to 10 mile
-82.15540314,26.97720337,charlotte,33948,17011,10 to 30 miles
-82.45069885,28.05110168,Highlands County,33613,33825,10 to 30 miles
-80.10410309,26.45410156,PALM BEACH COUNTY,33445,33445,1 to 10 mile
-82.52230072,29.55259705,Alachua,32603,32603,More than 70 miles
-85.73570251,30.82569885,Okaloosa,32564,32564,10 to 30 miles
-81.7539978,30.21870422,Duval,32210,32210,10 to 30 miles
-80.29599762,26.02520752,Broward,33026,33026,10 to 30 miles
-82.79429626,27.94470215,Pinellas,33755,91601,Within 1 mile
-82.4076004,29.57310486,Alachua,32608,32608,50 to 70 miles
-74.06620026,40.75180054,Collier,34109,34109,1 to 10 mile
-118.3527985,34.1374054,miami dade,33172,33172,30 to 50 miles
-97.8219986,37.75100708,Saint Augustine,32095,32246,10 to 30 miles
-81.34670258,28.55529785,Orange,32805,32805,50 to 70 miles
-80.19110107,25.7631073,,33131,33131,10 to 30 miles
-82.76809692,28.19940186,Pasco,34653,34653,1 to 10 mile
-80.37969971,27.24980164,st lucie ,34953,34953,10 to 30 miles
-80.19110107,25.7631073,dade,33131,33131,Within 1 mile
-81.63310242,28.55499268,Orange,34786,32836,More than 70 miles
-81.90339661,28.86500549,Marion,34482,34482,30 to 50 miles
-84.33860016,30.17550659,wakulla,32327,33024,1 to 10 mile
7.016693115,51.44999695,Polk,33809,33809,More than 70 miles
-81.58719635,30.37030029,Marion,34476,34476,More than 70 miles
-81.36180115,28.83009338,Seminole,32771,32771,10 to 30 miles
-80.29239655,25.66630554,Miami dade,33155,33144,10 to 30 miles
-81.82949829,26.52839661,LEE,33912,33912,10 to 30 miles
-81.53070068,28.66160583,ORANGE,34786,34786,50 to 70 miles
-87.36009979,30.5019989,escambia,32533,32533,10 to 30 miles
-81.82949829,26.52839661,Lee,33912,33912,1 to 10 mile
-81.3792038,28.53829956,Orange,32803,70435,More than 70 miles
-82.46179962,27.98320007,Hillsborough ,33614,33614,10 to 30 miles
-77.45120239,38.90359497,Pinellas,33755,33755,1 to 10 mile
-58.38159943,-34.603302,Miami Dade,33140,33140,Within 1 mile
-81.70110321,26.39970398,Lee,33967,33967,1 to 10 mile
-82.14189911,28.0184021,Hillsborough,33567,33567,30 to 50 miles
-80.1167984,26.27850342,broward,33062,33062,Within 1 mile
-81.56210327,30.06889343,duval,32259,32259,30 to 50 miles
-87.21230316,30.53819275,Escambia,32504,32504,1 to 10 mile
-81.3792038,28.53829956,Polk,33837,33837,50 to 70 miles
-80.21080017,26.39770508,Broward county,33433,33442,10 to 30 miles
-80.2059021,26.24420166,Broward,33068,33068,30 to 50 miles
-81.63300323,30.290802,Duval,32207,32207,10 to 30 miles
-81.56210327,30.06889343,stjohns,32259,32259,30 to 50 miles
-81.00749969,29.16220093,Volusia,32119,32119,1 to 10 mile
-84.35399628,30.45629883,Leon,32304,32304,More than 70 miles
-80.6115036,28.0381012,Brevard,32950,32950,1 to 10 mile
-82.04949951,28.23440552,Pinellas,33714,33714,1 to 10 mile
-80.40309906,25.59739685,miami dade,33031,33031,1 to 10 mile
-81.84989929,30.25100708,Duval,32210,32210,10 to 30 miles
-82.52390289,28.0821991,hillsborough ,33624,33624,10 to 30 miles
-81.73059845,30.30430603,Duval,32205,32205,10 to 30 miles
-85.5019989,30.2315979,Bay,32444,32444,1 to 10 mile
-80.40440369,25.73629761,miami dade,33186,33186,10 to 30 miles
-118.3216019,34.17160034,Orange,32003,32003,50 to 70 miles
-81.70709991,28.06190491,Polk County,33844,33844,50 to 70 miles
-80.38529968,27.59210205,indian river county,32962,32962,1 to 10 mile
-84.17250061,30.3993988,Leon,32303,32303,More than 70 miles
-80.15850067,26.34829712,palm beach,33433,33433,1 to 10 mile
-87.79019928,41.89370728,Volusia,32114,32114,1 to 10 mile
-81.43659973,28.38989258,Orange ,32806,32806,50 to 70 miles
-81.82949829,26.52839661,Collier,34134,34134,1 to 10 mile
-81.16470337,28.53410339,Orange,32828,32828,30 to 50 miles
-80.20439911,25.76649475,Miami Dade,33130,33130,1 to 10 mile
-80.2766037,26.06809998,Broward,33314,2889,1 to 10 mile
-80.75340271,28.07820129,brevard,32901,27517,1 to 10 mile
-81.69069672,26.52990723,Lee,33913,33913,1 to 10 mile
-81.38009644,30.22749329,duval,32259,32258,10 to 30 miles
-81.5687027,28.05729675,Polk,33898,33898,More than 70 miles
-82.7039032,27.62939453,Pinellas,33712,28204,1 to 10 mile
-81.59580231,26.63600159,Okeechobee,34972,34972,30 to 50 miles
-81.58899689,28.31199646,Osceola,34744,34744,More than 70 miles
-81.42459869,28.30690002,Osceola,34741,34741,50 to 70 miles
-75.56359863,6.251800537,broward,33024,33024,1 to 10 mile
-81.49279785,28.58979797,orange,32818,32818,50 to 70 miles
-81.30039978,28.55349731,Florida,32807,32807,More than 70 miles
-84.33209991,30.52520752,Leon,32303,32303,30 to 50 miles
-80.17070007,26.37969971,palm beach,33434,33433,1 to 10 mile
-81.30549622,28.6078949,Duval,32225,32225,1 to 10 mile
-81.46530151,28.45170593,orange,32836,32836,30 to 50 miles
-81.48390198,28.82569885,Seminole,32773,32773,10 to 30 miles
-81.19760132,28.51060486,orlando,32771,32771,Within 1 mile
-84.47769928,37.98869324,Collier,34117,34117,1 to 10 mile
-81.68509674,30.32460022,Duval,32209,32209,10 to 30 miles
-81.93370056,28.00979614,Polk,33811,33811,More than 70 miles
-82.14399719,27.78660583,Hillsborough,33547,33547,10 to 30 miles
-81.52980042,28.57040405,Orange,34787,34787,50 to 70 miles
-82.4733963,27.32550049,sarasota,34232,11103,10 to 30 miles
-80.76450348,28.28160095,brevard,32927,32927,10 to 30 miles
-82.02709961,26.69830322,Lee,33993,33993,10 to 30 miles
-82.43240356,29.68510437,Alachua,32605,32605,More than 70 miles
120.9721069,14.59550476,Miami Dade,33196,33196,30 to 50 miles
-80.2059021,26.24420166,Sarasota,34234,34234,1 to 10 mile
-86.15940094,30.35440063,HOLMES,32455,32455,50 to 70 miles
-82.7181015,27.98390198,Pinellas,33764,33764,1 to 10 mile
-82.4076004,29.57310486,Alachua,32607,32607,30 to 50 miles
-82.71659851,27.83859253,Pinellas,33762,33762,30 to 50 miles
-81.19909668,28.67660522,Pinellas,32765,33716,More than 70 miles
-82.43139648,27.71009827,Hillsborough,33573,33573,10 to 30 miles
-81.19159698,29.48390198,Flagler,32164,32164,1 to 10 mile
-80.97299957,29.1098938,volusia,32129,32129,1 to 10 mile
-97.8219986,37.75100708,Pinellas,29532,33712,1 to 10 mile
-82.6595993,28.21580505,PASCO,34655,34655,1 to 10 mile
-80.75340271,28.07820129,BREVARD,32901,32901,1 to 10 mile
-97.8219986,37.75100708,Putnam county ,32193,32112,30 to 50 miles
-80.1894989,26.02119446,Broward,33023,33023,10 to 30 miles
-80.21869659,26.34840393,Palm Beach,33428,33428,10 to 30 miles
-81.18930054,28.58869934,Seminole,32707,32707,1 to 10 mile
-80.27100372,25.75410461,MiamiDade,33133,33133,Within 1 mile
-82.41410065,29.6381073,Alachua,32608,59715,More than 70 miles
-80.18170166,25.77409363,Miami Dade,33016,7087,10 to 30 miles
-82.4076004,29.57310486,Alachua,32608,32608,More than 70 miles
-74.31240082,40.62240601,Broward,33328,33314,10 to 30 miles
-73.99749756,40.73080444,Columbia County,32055,10004,More than 70 miles
-80.23919678,25.89039612,Broward,33064,33064,1 to 10 mile
-82.70480347,28.30310059,Pasco,34667,34667,Within 1 mile
-81.56210327,30.06889343,St Johns,32259,32259,10 to 30 miles
-81.3144989,29.8946991,St Johns,32084,32084,1 to 10 mile
-80.27230072,26.10009766,Broward,33325,33325,1 to 10 mile
-82.35289764,28.12030029,broward,33028,33028,30 to 50 miles
-82.30239868,27.90029907,Hillsborough,33510,33510,30 to 50 miles
-80.88379669,28.60499573,Brevard,32780,32780,10 to 30 miles
-82.65049744,28.38189697,Hillsborough,34667,33601,1 to 10 mile
-80.42169952,27.33259583,St lucie,34986,33434,10 to 30 miles
-80.104599,26.38180542,Broward,33431,33026,1 to 10 mile
-80.29599762,26.02520752,Broward,33025,33025,1 to 10 mile
-121.6383972,51.43670654,Broward,33304,33304,Within 1 mile
-122.3041,37.54020691,Miami Dade,33135,33135,10 to 30 miles
-82.63179779,27.85629272,melbourne,33716,19145,1 to 10 mile
-81.52980042,28.57040405,Orange,34787,34787,50 to 70 miles
-81.1855011,28.91099548,volusia ,32738,32738,30 to 50 miles
-81.86209869,26.48669434,lee,33908,33908,1 to 10 mile
-80.60479736,28.4058075,Brevard,32920,32952,10 to 30 miles
-81.5401001,30.14379883,Alachua ,32608,32608,More than 70 miles
,,Sarasota,34234,34234,1 to 10 mile
-81.62210083,28.63439941,Broward ,33020,33020,10 to 30 miles
-82.47229767,28.93449402,Citrus,34465,34465,10 to 30 miles
-80.22640228,26.11099243,Broward,33019,33019,Within 1 mile
-97.8219986,37.75100708,Marion,34482,34482,30 to 50 miles
-80.24220276,25.94889832,dade,33055,33055,10 to 30 miles
-80.25579834,25.90420532,miami dade,33054,33054,More than 70 miles
-80.46330261,27.59869385,Indian River,32962,32962,10 to 30 miles
-80.32060242,25.7980957,Miami Dade,33194,33194,30 to 50 miles
-80.25119781,26.63859558,Palm Beach ,33414,33414,10 to 30 miles
-80.53289795,27.09719849,MARTIN,34956,34956,30 to 50 miles
-82.05130005,29.00709534,Marion,34470,34480,More than 70 miles
-82.09100342,26.9855957,charlotte,33952,33952,1 to 10 mile
-80.67359924,28.01699829,Brevard,32908,32908,1 to 10 mile
-81.49279785,28.58979797,Orange,32810,32819,More than 70 miles
-81.30549622,28.6078949,Seminole,32751,32751,50 to 70 miles
-81.92040253,27.94749451,Polk,33830,33830,50 to 70 miles
-82.25520325,27.06329346,Sarasota ,34287,34287,10 to 30 miles
-81.74330139,29.94299316,Lake,34748,34748,More than 70 miles
-84.33860016,30.17550659,Leon,32303,32309,More than 70 miles
-81.94319916,26.62919617,Lee,33993,33993,1 to 10 mile
-85.26899719,29.84089661,gulf,32465,32465,10 to 30 miles
-80.22229767,26.0697937,FL,33314,33314,1 to 10 mile
-80.35679626,25.65859985,Miami dade,33157,33157,1 to 10 mile
-73.99749756,40.73080444,Dade,33141,33141,10 to 30 miles
-81.19760132,28.51060486,Orange,32817,32817,50 to 70 miles
-82.47229767,27.93919373,polk,33801,33801,More than 70 miles
-82.77950287,27.9828949,Pinellas,33755,33755,1 to 10 mile
-80.15850067,26.34829712,Palm Beach,33433,33433,1 to 10 mile
-80.26850128,26.1499939,broward,33322,30075,10 to 30 miles
-75.09960175,40.20680237,Orange,34786,34786,50 to 70 miles
-82.61730194,28.3578949,Pasco,34610,34610,30 to 50 miles
-81.63189697,28.47680664,Lake,34711,34711,More than 70 miles
-84.79270172,43.61470032,Volusia,48858,32176,Within 1 mile
-81.22149658,26.23039246,Lee County,33905,33905,10 to 30 miles
-80.16249847,25.93319702,Broward,33009,33180,1 to 10 mile
-82.35469818,28.59150696,LEVY,32626,32626,30 to 50 miles
-80.23480225,25.85299683,miami,33147,33147,30 to 50 miles
-81.16470337,28.53410339,Florida,32828,32825,50 to 70 miles
-80.33470154,25.60319519,dade,33157,33157,1 to 10 mile
-81.34750366,28.70579529,Seminole ,32708,32707,More than 70 miles
-81.63189697,28.47680664,Orange,32712,32712,50 to 70 miles
-80.75340271,28.07820129,Brevard,32901,32901,1 to 10 mile
-81.58509827,30.27929688,Duval,32211,32211,10 to 30 miles
-81.71900177,30.09660339,st johns,32082,32082,Within 1 mile
-81.44799805,28.38529968,Hillsborough,33606,33606,1 to 10 mile
-82.49089813,29.81419373,Suwannee,32064,32064,More than 70 miles
-80.27529907,26.18069458,Broward,33351,33351,1 to 10 mile
-96.81099701,44.32620239,Polk,33809,45844,30 to 50 miles
-80.40440369,25.73629761,miami dade,33186,33186,10 to 30 miles
-80.20439911,25.76649475,Palm Beach County,33133,33469,Within 1 mile
-82.52549744,28.47689819,Hernando,34602,34602,10 to 30 miles
-81.27629852,28.68119812,seminole,32708,32708,30 to 50 miles
-71.35389709,41.87840271,Lee,2861,90016,1 to 10 mile
-82.51170349,27.88670349,Hillsborough,33611,33527,10 to 30 miles
-82.45839691,27.94749451,Hillsborough,33614,33614,10 to 30 miles
-82.37989807,27.9178009,polk,33811,33811,30 to 50 miles
-81.62210083,28.63439941,Nassau,32011,32011,10 to 30 miles
-84.17250061,30.3993988,Leon,32305,32305,50 to 70 miles
-81.77929688,27.50630188,Hardee,33872,33872,More than 70 miles
-81.3513031,28.32600403,Osceola,34744,34744,30 to 50 miles
-82.44760132,28.13600159,Hillsborough,33566,33566,10 to 30 miles
-82.08039856,27.99490356,Hillsborough,33566,33566,More than 70 miles
-80.05919647,26.62030029,Palm Beach,33401,33401,Within 1 mile
-80.50990295,25.48449707,Miami Dade,33030,33030,30 to 50 miles
-80.05919647,26.62030029,Palm beach county,33460,33460,Within 1 mile
-81.13500214,29.49310303,Flagler,32110,32110,10 to 30 miles
-80.05919647,26.62030029,Palm beach county,33414,33414,1 to 10 mile
-81.40969849,28.49130249,Orange,32839,32839,More than 70 miles
-80.05919647,26.62030029,PBeach county,33426,33426,1 to 10 mile
-81.40969849,28.49130249,Orange,32839,32839,More than 70 miles
-82.41680145,28.15910339,pasco,34638,34638,30 to 50 miles
-80.1937027,25.77430725,Broward,33328,33328,10 to 30 miles
-82.99880219,39.9611969,seminole,32746,32771,30 to 50 miles
-80.40630341,25.70860291,FLORIDA,33193,33193,30 to 50 miles
-80.12560272,26.02510071,broward,33019,33019,Within 1 mile
-82.45149994,28.09069824,Hillsborough,33637,33637,10 to 30 miles
-81.3792038,28.53829956,marion,34479,34479,30 to 50 miles
-80.25119781,26.63859558,Palm Beach,33476,33476,10 to 30 miles
-80.40440369,25.73629761,miami,34237,92111,10 to 30 miles
-80.34339905,25.98249817,Broward,33029,33029,10 to 30 miles
-82.41899872,27.94439697,Pinellas,33772,33772,30 to 50 miles
-80.35679626,25.65859985,miami dade,33186,33186,10 to 30 miles
-84.49839783,33.86329651,Leon,32305,32305,More than 70 miles
-81.78970337,28.50500488,Lake,34711,55372,More than 70 miles
-81.3792038,28.53829956,Orange,32809,32809,30 to 50 miles
-80.26560211,26.24360657,Broward,33067,33067,1 to 10 mile
-84.25389862,30.42030334,leon,32301,32301,30 to 50 miles
-81.73639679,26.15260315,Collier,34104,48183,1 to 10 mile
-81.68099976,24.58569336,Florida,33040,33040,Within 1 mile
-80.41870117,25.49029541,Miami Dade,33033,33033,1 to 10 mile
-123.0065002,44.63639832,Miami Dade,33183,33183,10 to 30 miles
-81.94380188,26.57449341,Okeechobee,34974,34974,50 to 70 miles
-81.73539734,30.34469604,Duval,32219,33418,10 to 30 miles
-80.29599762,26.02520752,Broward,33325,33325,10 to 30 miles
-80.75340271,28.07820129,brevard,32909,32909,10 to 30 miles
-81.51499939,30.28660583,Duval,32250,32250,10 to 30 miles
-84.38069916,30.38360596,Leon,32310,32025,50 to 70 miles
-81.86299896,30.08309937,CLAY,32068,32068,10 to 30 miles
-80.38400269,26.11430359, Broward,33025,33025,1 to 10 mile
-82.4076004,29.57310486,Alachua,32601,32601,50 to 70 miles
-84.64649963,30.93009949,gadsen,32333,30051,50 to 70 miles
-80.27230072,26.10009766,Broward,33324,33363,1 to 10 mile
-80.41200256,25.66149902,Miami Dade,33196,33196,1 to 10 mile
-80.27940369,25.9828949,Broward,33026,33026,10 to 30 miles
-80.33059692,27.44250488,St Lucie,34947,34947,1 to 10 mile
-122.3278961,47.83540344,Brevard,32955,98087,1 to 10 mile
-87.21230316,30.53819275,escambia,32514,32507,Within 1 mile
-87.31620026,30.61579895,Orange,32792,32533,More than 70 miles
-80.22229767,26.0697937,Broward,33314,33314,1 to 10 mile
-66.61669922,10.46670532,Miami Dade,33032,33032,More than 70 miles
-82.02709961,26.69830322,Lee,33909,33909,1 to 10 mile
-81.94319916,26.62919617,lee,33990,33990,1 to 10 mile
-87.65170288,41.84829712,MiamiDade,33137,33137,1 to 10 mile
-118.2440033,34.05439758,PUTNAM,32181,32181,50 to 70 miles
-80.31700134,25.93719482,Palm Beach,33434,33434,1 to 10 mile
-82.52400208,27.94299316,hillsborough,33609,33609,1 to 10 mile
-81.6446991,30.35090637,Duval,32209,32206,1 to 10 mile
-86.875,30.44670105,Hillsborough,33647,33647,10 to 30 miles
-81.67359924,27.97309875,orange,33809,32808,More than 70 miles
-80.12560272,26.02510071,Dade,33138,33138,10 to 30 miles
-81.36180115,28.83009338,ORANGE,32792,32792,More than 70 miles
-82.35289764,28.12030029,Hillsborough,33647,33647,10 to 30 miles
-87.2173996,30.46209717,Escambia,32503,32503,1 to 10 mile
-81.37059784,28.54449463,Saint Lucie,32792,34951,10 to 30 miles
-87.65170288,41.84829712,Miami Dade,33014,33014,10 to 30 miles
-82.58540344,29.83230591,Suwannee,32060,32060,50 to 70 miles
-80.41529846,26.11360168,Broward,33327,33326,30 to 50 miles
-81.83879852,30.5670929,union,32054,32054,30 to 50 miles
-82.22899628,27.915802,Hillsborough,33511,33312,10 to 30 miles
-82.15619659,29.26170349,Marion,34475,34475,50 to 70 miles
-81.78970337,28.50500488,Lake,34711,34711,More than 70 miles
-80.41870117,25.49029541,Miami Dade County,33034,33030,1 to 10 mile
-80.29199982,27.29649353,Saint Lucie,34983,34983,10 to 30 miles
-81.49510193,28.20399475,Osceola,34759,34759,50 to 70 miles
-80.66069794,28.25190735,Leon,32301,32301,30 to 50 miles
-82.35289764,28.12030029,Hillsborough,33647,33647,10 to 30 miles
-81.23480225,28.88409424,Volusia,32725,32725,10 to 30 miles
-82.23590088,27.04420471,Sarasota,34291,34291,1 to 10 mile
-87.2173996,30.46209717,Brevard,32505,32901,Within 1 mile
-90.89990234,30.42979431,Duval,32225,32225,1 to 10 mile
-81.48120117,27.41760254,Highlands,33852,33852,More than 70 miles
-80.09020233,26.6638031,Palm Beach,33435,33435,1 to 10 mile
-82.6595993,28.21580505,PASCO,34690,34690,1 to 10 mile
-82.58979797,28.78050232,Citrus,34429,34429,10 to 30 miles
-95.13600159,29.57229614,Leon,32303,32303,30 to 50 miles
-81.23480225,28.88409424,Volusia,32738,32738,10 to 30 miles
-81.38230133,27.5007019,Hardee,33873,32534,30 to 50 miles
-82.01979828,27.00210571,Charlotte,55425,33952,1 to 10 mile
-85.5019989,30.2315979,Bay,32409,32444,30 to 50 miles
-82.0134964,27.98570251,polk,33803,33803,More than 70 miles
-82.36250305,28.04989624,Hillsborough,33592,33592,1 to 10 mile
-81.3513031,28.32600403,Orange,32805,32805,More than 70 miles
-81.63189697,28.47680664,Orange,34787,34787,50 to 70 miles
-81.67169952,30.49009705,Jacksonville,32208,32208,50 to 70 miles
-81.91850281,28.92349243,Marion,34472,34479,50 to 70 miles
-86.62979889,30.42179871,okaloosa,32548,32548,Within 1 mile
-82.03399658,26.90550232,Charlotte,33982,33947,1 to 10 mile
-81.78959656,26.29679871,Lee,33966,33966,30 to 50 miles
-82.22899628,27.915802,HILLSBOROUGH,33511,33511,10 to 30 miles
-82.53829956,29.13040161,Marion,34432,34432,10 to 30 miles
-81.74330139,29.94299316,Clay,32043,32043,30 to 50 miles
-87.2173996,30.46209717,Santa rosa,32583,32583,10 to 30 miles
-82.3608017,28.86749268,citrus,34450,34450,30 to 50 miles
-82.43139648,27.71009827,Hurricane,33573,33573,10 to 30 miles
-87.34960175,30.39190674,Escambia,32526,32526,1 to 10 mile
-80.41870117,25.49029541,Miami ,33031,33031,10 to 30 miles
-81.52980042,28.57040405,Orange,34787,34787,More than 70 miles
-80.21099854,25.99099731,Broward County,33024,33024,1 to 10 mile
-80.85230255,28.53109741,Brevard,32780,32780,1 to 10 mile
-81.91850281,28.92349243,Marion,34472,34472,50 to 70 miles
-82.51499939,27.25849915,Sarasota,34231,34231,Within 1 mile
-81.48390198,28.82569885,Lake,32776,32776,30 to 50 miles
-81.78970337,28.50500488,Volusia,32738,32738,10 to 30 miles
-82.41699982,28.01460266,Hillsborough,33612,33612,10 to 30 miles
-80.35939789,25.73410034,DADE,33165,33165,10 to 30 miles
-80.17759705,26.29769897,Broward,33065,33065,10 to 30 miles
-86.80249786,33.52070618,Escambia,32506,32506,10 to 30 miles
-74.46369934,40.55160522,Polk,33813,33813,More than 70 miles
-82.37969971,27.79670715,Pinellas,34684,34684,1 to 10 mile
-82.22899628,27.915802,Hillsborough,33594,33594,30 to 50 miles
-80.30200195,27.37139893,St Lucie,34951,34951,1 to 10 mile
-81.82019806,30.42999268,Duval,32204,32257,10 to 30 miles
-81.50489807,29.93029785,St Johns,32092,32092,1 to 10 mile
-81.39759827,29.04530334,Volusia,32763,32763,10 to 30 miles
-80.45819855,25.55839539,Broward,33025,33025,10 to 30 miles
-82.30239868,27.90029907,Pinellas,33705,33705,Within 1 mile
-82.0134964,27.98570251,Polk,33811,33811,50 to 70 miles
-81.3792038,28.53829956,Seminole,32765,32765,10 to 30 miles
-81.90429688,28.04069519,polk,33805,33805,More than 70 miles
-87.2582016,30.45779419,escambia,32526,32526,1 to 10 mile
-80.15180206,25.98629761,Broward,33009,92614,Within 1 mile
-82.35289764,28.12030029,hillsborough,33603,33603,1 to 10 mile
-82.51909637,29.00230408,gilchrist,32619,32619,10 to 30 miles
-82.45010376,27.08399963,Sarasota,34285,34285,Within 1 mile
-80.39649963,25.91220093,Miami Dade County,33018,33018,10 to 30 miles
-80.22380066,26.1829071,Broward,33066,33066,10 to 30 miles
-81.43659973,28.38989258,Orange,32821,32821,50 to 70 miles
-81.98970032,28.94000244,St Johns,32084,32084,1 to 10 mile
-80.18009949,25.92739868,Dade,33162,33162,10 to 30 miles
-81.77149963,30.16720581,Clay,32073,32073,10 to 30 miles
-81.55180359,28.48069763,citrus,34481,34461,50 to 70 miles
-81.62480164,26.62539673,charlotte,33952,33952,1 to 10 mile
-81.58719635,30.37030029,Duval,32277,32211,Within 1 mile
-84.35399628,30.45629883,Gadsden,32343,32343,More than 70 miles
-81.37059784,28.54449463,Osceola,34746,34746,50 to 70 miles
-80.40350342,27.64680481,Indian River,32968,32968,1 to 10 mile
-82.32009888,28.2059021,Pasco,33544,33544,10 to 30 miles
-82.12660217,27.02279663,Charlotte,33954,33954,10 to 30 miles
-81.28949738,28.39959717,Orange,32827,32827,10 to 30 miles
-81.85549927,28.73939514,Volusia,32763,32763,10 to 30 miles
-80.27069855,25.72000122,dade,33126,33126,10 to 30 miles
-82.75509644,27.91119385,Pinellas,33770,33770,1 to 10 mile
-81.69529724,29.68649292,putnam,32181,32181,10 to 30 miles
-82.46219635,27.95779419,hillsborough,33603,33603,10 to 30 miles
-81.31780243,28.75889587,Seminole,32746,32732,50 to 70 miles
-82.38549805,29.67660522,Alachua,32605,32605,50 to 70 miles
-81.36620331,28.6638031,sEMINOLE,32714,32707,10 to 30 miles
-80.2276001,26.30329895,Broward,33067,33067,1 to 10 mile
-80.61219788,28.32569885,Brevard,32931,32920,Within 1 mile
-81.93370056,28.00979614,Polk,33803,33803,30 to 50 miles
-82.51170349,27.88670349,Hillsborough,33611,33596,30 to 50 miles
-82.59539795,28.17640686,Hillsborough,33556,33556,1 to 10 mile
-82.59049988,28.00639343,FL,33604,33604,10 to 30 miles
-82.38950348,28.93559265,FL,34452,34452,30 to 50 miles
-81.43360138,28.61849976,Hillsborough,33584,33610,10 to 30 miles
-81.48349762,28.52250671,Orange,32808,32808,50 to 70 miles
-80.29199982,27.29649353,st lucie,34952,34952,1 to 10 mile
-82.58350372,27.48280334,Manatee,34205,34205,10 to 30 miles
-82.6595993,28.21580505,Pasco,34655,34655,1 to 10 mile
127.7589111,26.35600281,Broward County,33027,33027,10 to 30 miles
-82.32649994,27.86610413,Hillsborough,33579,33578,30 to 50 miles
-81.6977005,25.93760681,Collier,34145,34145,Within 1 mile
-81.49279785,28.58979797,orange,32818,32818,50 to 70 miles
-81.71289825,26.62289429,Highlands,33825,33825,50 to 70 miles
-84.33860016,30.17550659,wakulla,32327,32327,10 to 30 miles
-80.21859741,26.21400452,broward,33063,33063,10 to 30 miles
-81.77749634,30.12939453,Clay,32065,32065,10 to 30 miles
-80.34880066,27.31739807,Saint Lucie,34983,32948,10 to 30 miles
-81.23880005,28.49589539,orange,32807,32807,30 to 50 miles
-82.40129852,28.00100708,Hillsborough,33610,33610,10 to 30 miles
-81.43360138,28.61849976,Orange,32810,32810,More than 70 miles
-82.00289917,29.12519836,MARION,24472,34472,More than 70 miles
-81.35780334,28.51010132,Marion,34480,34480,More than 70 miles
-80.12560272,26.02510071,Dade,33169,33169,1 to 10 mile
-80.67359924,28.01699829,Brevard,32909,32909,10 to 30 miles
-81.50489807,29.93029785,St Johns,32259,32259,10 to 30 miles
-97.02490234,32.66059875,Orange,32817,32817,30 to 50 miles
-82.03990173,28.14790344,polk,33810,33810,10 to 30 miles
-81.78959656,26.29679871,Collier,34108,34108,Within 1 mile
-82.23639679,27.93789673,Hillsborough,33547,33547,10 to 30 miles
-84.33209991,30.52520752,Leon,32303,32303,30 to 50 miles
-82.25009918,27.13409424,Sarasota,34286,34286,10 to 30 miles
-81.16470337,28.53410339,orange,32825,32825,10 to 30 miles
-84.33209991,30.52520752,leon,32303,32303,More than 70 miles
-82.52390289,28.0821991,Hillsborough,33613,33613,10 to 30 miles
-80.10089874,26.31100464,Broward ,33442,33442,10 to 30 miles
-85.64230347,30.23320007,Bay County,32444,32444,1 to 10 mile
-82.51170349,27.88670349,Hillsbourogh,33611,33611,1 to 10 mile
-80.20780182,26.58839417,Palm Beach ,33463,33463,10 to 30 miles
-81.77799988,30.26559448,Duval,32210,32210,10 to 30 miles
-82.59049988,28.00639343,Hillsborough ,33626,33626,1 to 10 mile
-81.63189697,28.47680664,ORANGE,34761,34761,More than 70 miles
-86.04160309,36.32020569,Duval,32218,32218,30 to 50 miles
-82.47969818,28.25799561,Pasco,33558,33558,10 to 30 miles
-80.21099854,25.99099731,broward,33023,33023,1 to 10 mile
-84.33209991,30.52520752,Leon,32303,32301,50 to 70 miles
-82.6772995,27.8177948,Pinellas,33702,33702,10 to 30 miles
-80.37969971,27.24980164,Saint Lucie,34953,34953,10 to 30 miles
-80.33470154,25.60319519,Miami Dade,33176,33176,1 to 10 mile
-80.12989807,26.59579468,pbc,33461,33461,1 to 10 mile
-84.21759796,30.47309875,Leon,32308,32308,More than 70 miles
-81.40969849,28.49130249,Orange,32806,32806,1 to 10 mile
-93.31759644,37.21899414,Broward,33331,33331,1 to 10 mile
-84.33209991,30.52520752,FL,32312,32312,More than 70 miles
-82.32479858,29.65159607,Martin,32643,32643,More than 70 miles
-82.65419769,27.87150574,Pinellas,33702,33702,Within 1 mile
-82.65419769,27.87150574,Hillsborough,33611,33611,Within 1 mile
-66.91670227,10.5,miami,33198,33198,30 to 50 miles
-82.65049744,28.38189697,Pasco,34667,34667,Within 1 mile
-82.67199707,27.89590454,Pinellas,33778,33778,1 to 10 mile
-81.98970032,28.94000244,Marion,34472,34472,50 to 70 miles
-80.46330261,27.59869385,Indian River,32966,32966,1 to 10 mile
-82.75209808,27.88119507,Beaufort,34698,33770,Within 1 mile
-80.38529968,27.59210205,Indian River,32962,32962,1 to 10 mile
-81.52999878,26.2888031,Collier,34116,34117,1 to 10 mile
-81.44090271,27.49560547,Highlands,33875,33875,50 to 70 miles
-81.26080322,28.56629944,Orange,32828,32828,30 to 50 miles
-80.33470154,25.60319519,miami dade,33158,33158,1 to 10 mile
-81.70110321,26.39970398,Lee,33967,33967,1 to 10 mile
-97.8219986,37.75100708,Clay,32065,32065,10 to 30 miles
-82.53029633,27.86399841,Hillsborough,33611,33611,Within 1 mile
-81.87539673,26.62309265,LEE,33901,33917,1 to 10 mile
-80.11029816,26.52810669,west palm beach,33435,33435,1 to 10 mile
-80.41200256,25.66149902,broward,33186,33186,50 to 70 miles
-84.35399628,30.45629883,Lee,32304,33919,30 to 50 miles
-82.4937973,27.97309875,Hillsborough,33607,33607,1 to 10 mile
-80.35820007,25.70140076,Miami dade,33155,33155,1 to 10 mile
-81.93370056,28.00979614,Polk,33803,33803,30 to 50 miles
-82.5306015,27.4828949,sarasota,34243,34243,1 to 10 mile
-81.94319916,26.62919617,Lee,33990,33990,Within 1 mile
-80.64299774,26.69509888,Palm Beach,33430,33430,30 to 50 miles
-80.20729828,36.02749634,Sarasota,27050,34285,Within 1 mile
-82.59049988,28.00639343,Hillsborough,33615,33615,Within 1 mile
-82.48249817,36.30220032,Melbourne,32907,32907,Within 1 mile
-75.1638031,39.95230103,Seminole,32750,32750,30 to 50 miles
-80.06639862,26.52529907,Palm Beach,33411,33411,10 to 30 miles
-82.35289764,28.12030029,Polk,33844,33844,50 to 70 miles
-80.45819855,25.55839539,Miami Dade,33018,33018,10 to 30 miles
-81.62210083,28.63439941,Orange,32832,32832,50 to 70 miles
-80.34339905,25.98249817,broward,33024,33024,1 to 10 mile
-81.36180115,28.83009338,seminole,32746,32746,30 to 50 miles
-80.18109894,25.85350037,Miami,33145,33145,1 to 10 mile
-82.72409821,28.02909851,Hillsborough,34695,99503,Within 1 mile
-82.52549744,28.47689819,Hernando,34609,34609,10 to 30 miles
-82.39019775,28.03739929,Hillsborough,33617,33617,30 to 50 miles
-80.34880066,27.31739807,st lucie,34953,34953,1 to 10 mile
-80.25800323,26.27200317,Broward,33065,33065,50 to 70 miles
-80.27010345,26.30310059,Broward,32817,33067,10 to 30 miles
-85.67220306,30.20120239,Bay,32401,32401,1 to 10 mile
-80.11930084,26.23339844,broward,33060,33060,1 to 10 mile
-81.93370056,28.00979614,USA ,33801,33801,10 to 30 miles
-81.73539734,30.34469604,duval,32220,32220,30 to 50 miles
-80.67359924,28.01699829,Brevard,32907,32907,1 to 10 mile
-81.27629852,28.68119812,Seminole,32708,32708,30 to 50 miles
-82.12999725,30.25579834,Baker,32063,32063,30 to 50 miles
-81.86209869,26.48669434,Lee,33901,33920,10 to 30 miles
-81.26080322,28.56629944,Seminole,32707,32707,30 to 50 miles
-71.64060211,10.63169861,miami,78045,33102,10 to 30 miles
-66.91670227,10.5,Broward,33326,33326,30 to 50 miles
-81.77290344,28.5493927,orange,34714,34714,30 to 50 miles
-82.52300262,28.15209961,Hillsborough,33624,33624,10 to 30 miles
-81.44100189,28.58009338,Ducal ,32224,32224,10 to 30 miles
-81.71289825,26.62289429,Lee,33976,18018,10 to 30 miles
-84.38800049,33.74899292,Polk,33838,11930,10 to 30 miles
-81.58509827,30.27929688,Florida,32216,32216,10 to 30 miles
-82.49089813,29.81419373,Nassau,32246,32011,10 to 30 miles
-81.32779694,28.67779541,Seminole,32708,32708,50 to 70 miles
-122.4194031,37.77490234,Orange,32825,32825,30 to 50 miles
-80.67359924,28.01699829,Brevard,32908,32908,10 to 30 miles
-81.58899689,28.31199646,Osceola,34747,34747,50 to 70 miles
-81.60679626,28.19110107,Polk,33837,33837,More than 70 miles
-82.39040375,30.0316925,Nassau,32034,32034,10 to 30 miles
-82.39040375,30.0316925,Nassau,32046,32046,10 to 30 miles
-81.63189697,28.47680664,Seminole,32701,32701,30 to 50 miles
-80.25800323,26.27200317,Broward,33065,33065,10 to 30 miles
-81.30549622,28.6078949,Orange,32792,32792,50 to 70 miles
-80.38739777,27.44309998,st lucie,34982,34984,1 to 10 mile
-87.71029663,41.69540405,Broward,60628,33063,10 to 30 miles
-80.09159851,26.76159668,Palm Beach,33404,33404,1 to 10 mile
-83.37950134,42.5428009,miami dade ,33146,33146,More than 70 miles
-81.43659973,28.38989258,Orange,32837,32837,50 to 70 miles
-87.63680267,41.89979553,Orange,32806,32806,50 to 70 miles
-80.13500214,26.93699646,Palm Beach,33458,33458,1 to 10 mile
-80.1434021,26.12229919,Miami Dade,33145,33145,1 to 10 mile
-81.94319916,26.62919617,Lee,33993,33993,1 to 10 mile
-81.94319916,26.62919617,Lee,33909,33909,1 to 10 mile
-80.11029816,26.52810669,Palm Beach,33435,33435,Within 1 mile
-80.35820007,25.70140076,Miami Dade,33165,33165,1 to 10 mile
,,broward,33023,33023,10 to 30 miles
-82.57479858,27.49890137,polk county,33860,33860,10 to 30 miles
-82.14189911,28.0184021,Hillsborough,33563,33563,50 to 70 miles
-82.728302,27.78970337,Pinellas,33710,33710,1 to 10 mile
-87.34960175,30.39190674,escambia,32506,32506,Within 1 mile
-81.49279785,28.58979797,Pr,32714,32818,50 to 70 miles
-82.59049988,28.00639343,Hillsborough,33635,33635,10 to 30 miles
-81.43360138,28.61849976,HILLSBOROUGH,33619,33619,Within 1 mile
-81.69529724,29.68649292,Putnam,32189,32189,10 to 30 miles
-82.35289764,28.12030029,Hillsbourough,33647,33647,30 to 50 miles
-82.63179779,27.85629272,Pinellas,33764,33764,1 to 10 mile
-80.44730377,25.08650208,Monroe,33037,33037,Within 1 mile
-81.35780334,28.51010132,orange,32806,32806,30 to 50 miles
-85.59480286,30.63439941,broward,33306,33306,Within 1 mile
-81.23880005,28.49589539,Orange,32825,32825,30 to 50 miles
-81.36620331,28.6638031,Orange,32835,32835,50 to 70 miles
-81.51580048,28.73129272,marion,34480,34480,50 to 70 miles
-80.76450348,28.28160095,Brevard,32922,32922,10 to 30 miles
-80.22229767,26.0697937,broward,33073,33073,1 to 10 mile
-80.64430237,35.29840088,Manatee,34203,28405,10 to 30 miles
-123.3983002,42.37939453,Seminole,97520,32714,30 to 50 miles
-80.66069794,28.25190735,Brevard,32952,32952,1 to 10 mile
-82.4076004,29.57310486,alachua,32608,32607,50 to 70 miles
-81.63469696,30.1578064,duval,32244,32244,30 to 50 miles
-81.67359924,27.97309875,Polk,33897,33897,50 to 70 miles
-82.05259705,26.98300171,Lee,33908,33931,Within 1 mile
-81.36180115,28.83009338,Seminole,32746,32746,30 to 50 miles
-82.48709869,28.07710266,Hillsborough,33618,33618,10 to 30 miles
-81.53479767,28.49560547,orange,34786,34786,50 to 70 miles
-81.19760132,28.51060486,Orange,32826,22554,30 to 50 miles
-81.39759827,29.04530334,Lake,32720,32725,10 to 30 miles
-82.02709961,26.69830322,Glades,33471,33162,More than 70 miles
-103.3332977,20.66670227,Palm Beach,33458,33458,1 to 10 mile
-85.26899719,29.84089661,none,32403,7716,10 to 30 miles
-80.13500214,26.93699646,palm beach,33458,33458,1 to 10 mile
-81.19480133,29.30050659,Volusia,32117,32117,10 to 30 miles
-81.30549622,28.6078949,ORANGE,32803,32803,10 to 30 miles
-82.65049744,28.38189697,pasco,34668,34668,10 to 30 miles
-81.98970032,28.94000244,Marion,32179,32179,30 to 50 miles
-84.33209991,30.52520752,Leon,32303,32303,30 to 50 miles
-81.51820374,30.17959595,Duval,32246,32246,1 to 10 mile
-81.19760132,28.51060486,Orange,32812,32812,30 to 50 miles
-81.78970337,28.50500488,Lake,34711,32114,More than 70 miles
-80.05919647,26.62030029,palm beach,33441,33487,1 to 10 mile
-82.00289917,29.12519836,Marion,34480,34480,50 to 70 miles
-81.67169952,30.49009705,duval,32218,32218,1 to 10 mile
-81.19760132,28.51060486,orange,32832,2360,10 to 30 miles
-80.8431015,35.22709656,Hillsborough,33569,33569,10 to 30 miles
-80.40910339,26.00900269,Broward,33029,33029,10 to 30 miles
-82.27970123,27.82229614,Hillsborough,33578,33578,10 to 30 miles
-80.18720245,25.81410217,Dade,33126,33175,10 to 30 miles
-81.81359863,27.88890076,hillsborough,33567,33567,10 to 30 miles
-82.30239868,27.90029907,Hillsborough,33578,33629,Within 1 mile
-80.61219788,28.32569885,Brevard,32920,32920,Within 1 mile
-80.35359955,33.88079834,Broward,29153,33331,10 to 30 miles
-80.62400055,28.0717926,Brevard,32904,32904,1 to 10 mile
-81.62210083,28.63439941,Duval,32206,32206,10 to 30 miles
-81.90429688,28.04069519,Polk,33801,33801,50 to 70 miles
-82.32649994,27.86610413,Hillsborough,33510,33510,50 to 70 miles
-80.33470154,25.60319519,Dade,33176,33176,1 to 10 mile
-81.42639923,30.28779602,Duval,32246,32246,1 to 10 mile
-81.62989807,30.64579773,Nassau,32097,32097,10 to 30 miles
-80.20780182,26.58839417,broward,33063,33063,1 to 10 mile
-87.31620026,30.61579895,Escambia,32504,32504,10 to 30 miles
-82.45069885,28.05110168,Hillsborough,33620,33620,10 to 30 miles
-82.17900085,28.23370361,Pasco,33540,33540,50 to 70 miles
-82.40129852,28.00100708,Lake,34714,34714,50 to 70 miles
-80.1257019,26.14889526,Broward,33306,33306,Within 1 mile
-82.35289764,28.12030029,pasco,33543,33543,10 to 30 miles
-80.29199982,27.29649353,St Lucie,34952,34952,1 to 10 mile
-82.69229889,28.01449585,pinellas,34695,34695,Within 1 mile
-85.72669983,30.15209961,bay,32408,32408,Within 1 mile
-84.20549774,30.57949829,Florida Jefferson,32344,32344-5918,30 to 50 miles
-80.3852005,25.52250671,MiamiDade,33032,33032,10 to 30 miles
-81.31780243,28.75889587,Seminole,32771,32707,30 to 50 miles
-81.49900055,30.353302,duval,32256,32256,10 to 30 miles
-82.76249695,28.08590698,Pinellas,34685,34685,1 to 10 mile
-80.17289734,26.14520264,Broward,33311,33315,30 to 50 miles
-82.72899628,27.81889343,Polk,33781,33881,50 to 70 miles
-81.40750122,28.52810669,Orange,32801,32801,More than 70 miles
-82.00689697,28.04379272,Polk,33815,33815,10 to 30 miles
-81.2928009,28.24159241,Osceola,34769,34769,50 to 70 miles
-80.71080017,28.14239502,Brevard,32934,32934,10 to 30 miles
-82.12999725,30.25579834,Baker,32040,32040,30 to 50 miles
-84.33209991,30.52520752,Polk,33813,33813,50 to 70 miles
-80.22380066,26.1829071,Florida,33004,33004,10 to 30 miles
-80.41200256,25.66149902,DADE,33184,33184,10 to 30 miles
-82.35289764,28.12030029,Pasco,33544,33544,50 to 70 miles
-80.31700134,25.93719482,Miami Dade,33055,33055,10 to 30 miles
-82.38549805,29.67660522,Brevard ,32606,32920,Within 1 mile
-82.25009918,27.13409424,Sarasota,34286,34286,10 to 30 miles
-81.90429688,28.04069519,Polk,33801,33801,More than 70 miles
-82.35250092,27.04069519,Sarasota County,34285,34285,1 to 10 mile
-81.67359924,27.97309875,Miami Dade,33016,33016,10 to 30 miles
-82.47229767,28.93449402,hillsboro,33615,32607,1 to 10 mile
-76.7480011,39.20579529,Hillsbourough,33612,33612,30 to 50 miles
-82.75209808,27.88119507,Pinallas,33771,65301,1 to 10 mile
-96.05269623,41.26150513,Florida,32803,32803,30 to 50 miles
-80.13230133,25.82040405,MiamiDade,33180,33180,1 to 10 mile
-80.64160156,41.09199524,pinnelas,33770,33770,10 to 30 miles
-84.25389862,30.42030334,leon,32304,32304,30 to 50 miles
-86.2594986,31.29359436,Santa Rosa,36467,32571,10 to 30 miles
-81.79299927,28.88439941,Sumter,33513,33513,30 to 50 miles
-97.8219986,37.75100708,Washington ,32428,32428,50 to 70 miles
-80.2276001,26.30329895,Broward,33067,33067,1 to 10 mile
-80.27069855,25.72000122,Miami Dade,33137,33137,Within 1 mile
-81.44100189,28.58009338,orange,32808,32808,More than 70 miles
-84.33209991,30.52520752,Leon,32304,32304,30 to 50 miles
-82.23639679,27.93789673,hillsborough,33569,33569,50 to 70 miles
-82.6595993,28.21580505,pasco,34653,34653,10 to 30 miles
-81.27629852,28.68119812,Seminole,32707,32707,30 to 50 miles
-80.2071991,26.70629883,Florida,33409,33409,1 to 10 mile
-81.73100281,27.97979736,Polk,33850,33850,More than 70 miles
37.61500549,55.7519989,Orange,32836,32836,30 to 50 miles
-82.32479858,29.65159607,Alachua,32611,32611,More than 70 miles
-80.82330322,28.39039612,Brevard,32927,32927,10 to 30 miles
-120.9501038,37.67829895,Miami Dade,32824,33177,More than 70 miles
-82.63179779,27.85629272,Pinellas,33716,33705,10 to 30 miles
-82.75509644,27.91119385,Pinellas,33778,33760,1 to 10 mile
-80.12840271,26.66329956,Palm Beach,33463,33463,1 to 10 mile
-81.31199646,28.66160583,Orange,32789,32789,1 to 10 mile
-82.62789917,28.29269409,Pasco,34669,34669,10 to 30 miles
-80.33470154,25.60319519,Miami Dade,33157,33157,1 to 10 mile
-80.14360046,27.05450439,Martin,33455,83612,1 to 10 mile
-80.24440002,26.02059937,Miami Dade,33161,33161,30 to 50 miles
-82.47969818,28.25799561,Pasco,33558,48763,50 to 70 miles
-121.4004974,38.58529663,Clay,32065,32065,30 to 50 miles
-82.76409912,28.14759827,Pinellas,34685,34685,10 to 30 miles
-82.76409912,28.14759827,Pinellas,34681,34681,Within 1 mile
-95.82440186,29.78579712,Indian River,32962,32962,Within 1 mile
-82.51170349,27.88670349,Hillsborough,33611,33611,10 to 30 miles
-81.21749878,29.57060242,Flagler,32137,32137,10 to 30 miles
-81.0562973,28.99699402,volusia,32141,32141,1 to 10 mile
-86.875,30.44670105,Santa Rosa,32566,28315,1 to 10 mile
-81.77799988,30.26559448,Duval,32210,32210,10 to 30 miles
-84.33209991,30.52520752,Leon County,32304,32304,More than 70 miles
-84.33209991,30.52520752,Leon,32303,32303,10 to 30 miles
-81.21749878,29.57060242,FLAGLER,32164,32164,1 to 10 mile
-81.3513031,28.32600403,Osceola,34741,34741,30 to 50 miles
-82.08300018,29.19880676,Marion,34470,34470,30 to 50 miles
-81.39430237,28.57919312,Orange,34786,34786,50 to 70 miles
-82.51300049,28.48379517,hernando,34602,34602,50 to 70 miles
,,Hillsborough,33567,33567,30 to 50 miles
-81.7539978,30.21870422,Duval,32225,32250,1 to 10 mile
-80.64299774,26.69509888,Santa Rosa County,32570,32570,10 to 30 miles
-96.82170105,32.77870178,Lake,34762,34762,50 to 70 miles
-82.6595993,28.21580505,pasco,34655,34655,More than 70 miles
-80.29620361,25.78889465,dade,33126,33126,30 to 50 miles
,,Lee,33913,33903,30 to 50 miles
-82.54019928,27.33880615,Sarasota,34231,34231,Within 1 mile
-81.35890198,28.60240173,Seminole,32730,32730,More than 70 miles
-96.8207016,32.78250122,MARION,34470,34470,More than 70 miles
-95.3628006,29.77020264,Brevard,32935,32935,1 to 10 mile
-82.51300049,28.48379517,Hernando,34604,34604,10 to 30 miles
-82.25520325,27.06329346,Sarasota,34286,34286,1 to 10 mile
-81.19909668,28.67660522,Seminole County,32765,32765,More than 70 miles
-81.36180115,28.83009338,Seminole,32773,32773,30 to 50 miles
-80.08059692,26.57919312,Florida,33460,33460,1 to 10 mile
-80.38529968,27.59210205,indian river,32960,32960,1 to 10 mile
-80.20300293,25.75250244,Miami Dade,33133,33133,1 to 10 mile
-86.46299744,30.51429749,Okaloosa,32578,32578,1 to 10 mile
-81.33309937,28.49150085,Volusia,32132,32132,1 to 10 mile
-87.36009979,30.5019989,Escambia ,32503,32503,10 to 30 miles
-82.68779755,27.73269653,pinellas,33705,33705,Within 1 mile
-81.90339661,28.86500549,Lake,34788,34788,50 to 70 miles
-81.62480164,26.62539673,Lee,33976,33976,10 to 30 miles
-79.15920258,35.91329956,Palm Beach,33410,33410,10 to 30 miles
-80.07019806,26.72000122,Palm Beach,33411,33461,More than 70 miles
-84.20549774,30.57949829,Lee,33993,33993,30 to 50 miles
-84.33209991,30.52520752,leon,32303,32303,50 to 70 miles
-82.62789917,28.29269409,Pasco,34669,34669,1 to 10 mile
-82.39019775,28.03739929,Hillsborough,33617,33617,10 to 30 miles
-82.41410065,29.6381073,Alachua,32641,32641,More than 70 miles
-82.26129913,28.82130432,Citrus,34450,34450,10 to 30 miles
-81.49510193,28.20399475,osceola,34746,34746,30 to 50 miles
-81.94319916,26.62919617,Lee,33909,33909,1 to 10 mile
-81.63300323,30.290802,Duval,32210,32210,10 to 30 miles
-82.70939636,27.8625946,pinellas,33714,33714,1 to 10 mile
-80.1167984,26.27850342,Broward,33064,33064,1 to 10 mile
-84.29859924,30.44250488,Leon,32301,20009,30 to 50 miles
-82.65419769,27.87150574,Broward,33702,33323,1 to 10 mile
-82.51660156,28.75010681,Citrus,34446,34446,1 to 10 mile
-80.35939789,25.73410034,Miami Dade,33716,33176,10 to 30 miles
-82.71659851,27.83859253,Pinellas,33709,33709,1 to 10 mile
-82.82769775,27.88459778,Pinellas,33776,33776,1 to 10 mile
-81.39430237,28.57919312,Orange,32818,32818,More than 70 miles
-82.05130005,29.00709534,Marion,34480,34480,More than 70 miles
-95.3628006,29.77020264,Pasco,34668,11951,1 to 10 mile
-81.31939697,28.89390564,Volusia,32713,32713,30 to 50 miles
-81.67169952,30.49009705,Duval,32218,32218,10 to 30 miles
-82.52390289,28.0821991,HILLSBOROUGH,33624,33624,10 to 30 miles
-82.35250092,27.04069519,Sarasota ,34293,34238,1 to 10 mile
-85.623703,38.27059937,Volusia,32127,32127,1 to 10 mile
-82.59049988,28.00639343,Hillsborough,33615,33615,Within 1 mile
-82.69329834,28.24440002,pasco,34691,34691,10 to 30 miles
-82.19020081,29.02000427,Marion,34471,34471,50 to 70 miles
-82.4076004,29.57310486,Alachua,32669,32669,30 to 50 miles
-80.09420013,26.40950012,Palm Beach,33486,77494,1 to 10 mile
-80.20439911,25.76649475,Broward,33317,33317,Within 1 mile
-81.49900055,30.353302,clay,32225,32003,1 to 10 mile
-82.32649994,27.86610413,Hillsborough,33578,77532,10 to 30 miles
-82.03990173,28.14790344,polk,33805,33805,More than 70 miles
-81.62210083,28.63439941,Hillsborough,33547,33547,10 to 30 miles
-81.27110291,29.06970215,volusia,32724,32724,10 to 30 miles
-82.48709869,28.07710266,pinellas,33707,33707,1 to 10 mile
-82.51660156,28.75010681,Citrus,34446,34446,1 to 10 mile
-81.59580231,26.63600159,lee,33936,33936,10 to 30 miles
-81.78970337,28.50500488,Lake,34711,34711,50 to 70 miles
-81.32039642,28.28869629,Orange,32824,32824,50 to 70 miles
-81.19760132,28.51060486,osceola,32817,33848,30 to 50 miles
-84.46829987,33.72419739,Brevard,32907,32907,10 to 30 miles
-81.05799866,29.23699951,volusia,32114,32114,1 to 10 mile
-118.3927994,34.02020264,Mantee,34221,33714,1 to 10 mile
-80.67250061,28.46380615,Brevard,32952,32952,1 to 10 mile
-81.71130371,26.18730164,Collier,34116,34116,1 to 10 mile
-80.11100006,26.19059753,Broward,33308,33308,Within 1 mile
-79.10769653,36.05250549,Broward,33028,33028,10 to 30 miles
-82.4076004,29.57310486,Alachua County,32608,32608,10 to 30 miles
-81.21749878,29.57060242,Flagler,32137,32137,10 to 30 miles
-81.73509979,28.98219299,citrus,34436,34436,10 to 30 miles
-81.84059906,26.6217041,Lee,33912,33912,1 to 10 mile
-80.37969971,27.24980164,Pinellas,34953,33713,1 to 10 mile
-81.73059845,30.30430603,Duval,32244,32211,10 to 30 miles
-82.09670258,29.16540527,Marion,34475,32148,30 to 50 miles
-80.3839035,25.85879517,Broward County,33025,33025,10 to 30 miles
-81.74330139,29.94299316,Alachua,32618,32618,More than 70 miles
-81.05799866,29.23699951,Volusia ,32174,32174,10 to 30 miles
-81.43360138,28.61849976,Pinellas,33782,33782,10 to 30 miles
-91.15460205,30.45069885,escambia,32507,32507,Within 1 mile
-83.98799896,33.95620728,Indian River County,32962,32962,1 to 10 mile
-80.34339905,25.98249817,Miami Dade,33193,33193,10 to 30 miles
-90.6269989,38.80220032,Pasco,34652,35473,1 to 10 mile
-82.47969818,28.25799561,Pasco,34610,34610,30 to 50 miles
-82.30020142,27.33110046,Sarasota,34241,34241,1 to 10 mile
-82.47969818,28.25799561,Pasco,33556,33556,30 to 50 miles
-97.8219986,37.75100708,Monroe,34134,34134,Within 1 mile
-82.30239868,27.90029907,Hillsborough,33578,33578,More than 70 miles
-82.03990173,28.14790344,Polk,33810,33810,10 to 30 miles
-82.52400208,27.94299316,Hillsborough,33629,33629,1 to 10 mile
-80.16249847,25.93319702,Miami Beach,33140,33140,Within 1 mile
-80.6115036,28.0381012,Brevard,32905,32905,1 to 10 mile
-81.62989807,30.64579773,Nassau,32097,32097,10 to 30 miles
-80.14949799,26.01119995,FL,33064,33064,10 to 30 miles
-80.25800323,26.27200317,Coral Springs,33076,7202,10 to 30 miles
-80.40630341,25.70860291,Fl,33139,33139,10 to 30 miles
-73.98020172,40.72520447,Orange,10009,32751,50 to 70 miles
-80.33799744,26.71620178,Palm Beach,33470,33470,10 to 30 miles
-81.37059784,28.54449463,Alachua,32641,32641,50 to 70 miles
-82.51399994,27.3374939,Sarasota,34232,34232,1 to 10 mile
-81.98970032,28.94000244,Sumter,32162,32162,50 to 70 miles
-80.4076004,25.75660706,Miami,33184,33184,30 to 50 miles
-82.21779633,27.96710205,Hillsborough,33592,33592,30 to 50 miles
-80.24220276,25.94889832,miami dade,33055,33055,10 to 30 miles
-82.25009918,27.13409424,sarasota,34286,17109,1 to 10 mile
-82.59049988,28.00639343,Citrus,34448,34448,1 to 10 mile
-82.51399994,27.3374939,Sarasota,34235,34235,1 to 10 mile
-81.3707962,27.82989502,Orange,32817,32817,50 to 70 miles
-80.2059021,26.24420166,Lee,33914,33914,1 to 10 mile
-82.54599762,28.00430298,HILLSBOROUGH,33625,33625,30 to 50 miles
-81.26080322,28.56629944,Duval,32816,32081,1 to 10 mile
-82.78839874,27.9098053,Pinellas,33756,33756,1 to 10 mile
-80.64299774,26.69509888,palm beach,33430,33430,10 to 30 miles
-81.63189697,28.47680664,Orange County,34787,34787,30 to 50 miles
-82.52230072,29.55259705,Alachua,32669,32669,50 to 70 miles
-82.30239868,27.90029907,Hillsborough,33510,33510,30 to 50 miles
-80.39649963,25.91220093,Miami,33016,33016,10 to 30 miles
-82.03990173,28.14790344,Hillsborough,33510,33510,1 to 10 mile
-81.62210083,28.63439941,Broward,33027,33027,10 to 30 miles
-81.6187973,30.24060059,Duval,32244,32073,10 to 30 miles
-82.45839691,27.94749451,Brevard,32931,32931,Within 1 mile
-81.62210083,28.63439941,Orange,32812,32812,50 to 70 miles
-80.65280151,28.14900208,Brevard,32935,32935,10 to 30 miles
-81.76409912,26.23849487,Collier,34112,54935,1 to 10 mile
-82.69329834,28.24440002,Pasco,34652,34652,1 to 10 mile
-81.73100281,27.97979736,Polk,33881,33881,More than 70 miles
-82.52390289,28.0821991,Hillsborough,33625,33625,10 to 30 miles
-82.51399994,27.3374939,Manatee,34205,34205,1 to 10 mile
-82.79550171,27.84280396,Pinellas,33772,33777,1 to 10 mile
-86.97850037,30.40739441,Santa Rosa,32563,32563,Within 1 mile
-80.40440369,25.73629761,Miami DAde,33144,33144,10 to 30 miles
-82.39019775,28.03739929,Hillsborough,33617,33617,10 to 30 miles
-81.35890198,28.60240173,Volusia,32168,32168,1 to 10 mile
-82.45149994,28.09069824,Hillsborough,33613,33613,10 to 30 miles
-81.24739838,28.75239563,Seminole,32701,32701,50 to 70 miles
