# Age,Gender,Race,Marriage,HouseholdSize,NumChd,Edu,Income,Owner,HouseStruct,SrcLocalAuth,SrcLocalMedia,SrcNationalMedia,SrcInternet,SrcPeers,CloseCoast,CloseWater,SeeStormCond,SeeShopClose,SeePeerEvac,OfficialHurricWatch,OfficialEvac,PrevStormExp,PrevFalseAlarm,ProtectFromLooter,ProtectFromStorm,LostIncome,EvacExpense,Traffic,County,DistRiver,DistLake,DistCoast,Evac,EvacDay,EvacHour
50.0,2.0,3.0,1.0,2.0,0.0,3.0,5.0,2.0,1.0,1.0,3.0,5.0,1.0,3.0,5.0,5.0,4.0,2.0,5.0,2.0,2.0,4.0,4.0,3.0,3.0,5.0,5.0,5.0,1.0,489.475,22780.98,44819.777,2.0,1.0,22.0
47.0,1.0,3.0,1.0,3.0,0.0,3.0,5.0,2.0,1.0,3.0,4.0,4.0,1.0,2.0,2.0,1.0,2.0,2.0,3.0,3.0,1.0,3.0,4.0,1.0,2.0,2.0,4.0,4.0,1.0,2245.752,23358.447,49855.082,1.0,nan,nan
40.0,2.0,3.0,4.0,2.0,1.0,4.0,3.0,2.0,1.0,5.0,5.0,5.0,3.0,5.0,5.0,5.0,5.0,4.0,5.0,4.0,5.0,5.0,5.0,3.0,4.0,1.0,3.0,4.0,1.0,420.781,19834.66,40654.672,2.0,2.0,17.0
49.0,1.0,3.0,1.0,3.0,0.0,4.0,4.0,2.0,1.0,1.0,5.0,3.0,1.0,4.0,1.0,1.0,1.0,1.0,1.0,1.0,1.0,3.0,1.0,1.0,4.0,1.0,1.0,1.0,1.0,430.2,19850.783,40670.523,1.0,nan,nan
38.0,2.0,3.0,1.0,4.0,2.0,3.0,4.0,2.0,1.0,5.0,5.0,3.0,3.0,3.0,5.0,5.0,5.0,3.0,3.0,4.0,5.0,5.0,3.0,2.0,3.0,1.0,1.0,2.0,1.0,1165.749,23805.074,44609.512,2.0,1.0,13.0
38.0,2.0,1.0,3.0,4.0,3.0,3.0,1.0,1.0,2.0,4.0,4.0,5.0,1.0,3.0,2.0,3.0,3.0,2.0,2.0,4.0,3.0,3.0,1.0,1.0,1.0,1.0,2.0,1.0,1.0,1603.618,21172.402,43094.848,2.0,1.0,10.0
70.0,1.0,3.0,3.0,1.0,0.0,5.0,3.0,2.0,1.0,5.0,5.0,5.0,1.0,3.0,5.0,4.0,4.0,4.0,4.0,3.0,5.0,4.0,2.0,5.0,3.0,1.0,5.0,1.0,1.0,1722.192,20840.451,42593.883,2.0,2.0,nan
57.0,1.0,3.0,1.0,4.0,0.0,4.0,5.0,2.0,1.0,5.0,5.0,5.0,1.0,1.0,4.0,4.0,5.0,2.0,2.0,4.0,4.0,4.0,1.0,4.0,4.0,2.0,2.0,1.0,1.0,3812.421,26627.018,47494.922,1.0,nan,nan
30.0,2.0,3.0,2.0,4.0,2.0,1.0,2.0,1.0,1.0,4.0,4.0,3.0,1.0,2.0,4.0,3.0,3.0,2.0,2.0,1.0,3.0,4.0,2.0,1.0,1.0,3.0,4.0,2.0,1.0,919.995,22955.457,43757.809,1.0,nan,nan
48.0,2.0,3.0,1.0,3.0,0.0,2.0,3.0,2.0,2.0,1.0,5.0,1.0,1.0,4.0,3.0,3.0,5.0,2.0,2.0,3.0,2.0,2.0,1.0,1.0,3.0,2.0,5.0,5.0,1.0,1295.4,24384.635,47063.73,1.0,nan,nan
48.0,1.0,3.0,1.0,5.0,2.0,3.0,5.0,2.0,1.0,2.0,1.0,1.0,1.0,2.0,5.0,4.0,5.0,1.0,1.0,5.0,5.0,5.0,3.0,1.0,1.0,1.0,1.0,4.0,1.0,4780.929,27966.549,48835.188,2.0,2.0,14.0
17.0,2.0,3.0,2.0,3.0,1.0,1.0,4.0,2.0,1.0,4.0,5.0,2.0,2.0,3.0,4.0,3.0,5.0,1.0,3.0,2.0,4.0,2.0,1.0,1.0,3.0,1.0,2.0,2.0,1.0,2295.921,16396.139,38072.91,1.0,nan,nan
34.0,2.0,3.0,1.0,3.0,1.0,3.0,5.0,2.0,1.0,4.0,5.0,5.0,2.0,2.0,5.0,5.0,5.0,2.0,3.0,4.0,5.0,2.0,2.0,5.0,5.0,1.0,1.0,2.0,1.0,424.999,22695.723,44389.984,1.0,nan,nan
88.0,2.0,3.0,4.0,1.0,0.0,2.0,4.0,2.0,1.0,5.0,4.0,1.0,1.0,4.0,4.0,1.0,3.0,3.0,4.0,2.0,4.0,2.0,2.0,1.0,1.0,1.0,1.0,2.0,1.0,178.867,22972.59,44069.281,2.0,2.0,11.0
48.0,1.0,3.0,1.0,3.0,0.0,3.0,4.0,2.0,1.0,5.0,5.0,5.0,5.0,5.0,5.0,5.0,5.0,5.0,5.0,4.0,5.0,5.0,3.0,2.0,3.0,4.0,4.0,5.0,1.0,759.196,21715.539,43006.012,2.0,2.0,15.0
91.0,2.0,3.0,4.0,1.0,0.0,1.0,1.0,2.0,1.0,2.0,5.0,5.0,1.0,5.0,5.0,3.0,1.0,1.0,1.0,2.0,3.0,4.0,1.0,1.0,3.0,1.0,1.0,5.0,1.0,680.455,22596.629,44756.313,2.0,2.0,7.0
84.0,1.0,3.0,1.0,2.0,0.0,1.0,1.0,2.0,1.0,3.0,5.0,2.0,1.0,4.0,4.0,4.0,5.0,4.0,3.0,4.0,4.0,3.0,2.0,2.0,3.0,1.0,2.0,2.0,1.0,883.504,21766.984,43273.336,2.0,2.0,18.0
43.0,2.0,3.0,1.0,3.0,1.0,2.0,2.0,2.0,2.0,1.0,5.0,2.0,1.0,5.0,5.0,5.0,5.0,5.0,5.0,5.0,3.0,3.0,5.0,5.0,5.0,1.0,1.0,1.0,1.0,5057.998,27974.332,48847.383,2.0,3.0,12.0
50.0,1.0,1.0,1.0,2.0,0.0,3.0,2.0,2.0,1.0,4.0,4.0,4.0,1.0,4.0,2.0,4.0,3.0,4.0,3.0,4.0,3.0,4.0,3.0,2.0,4.0,4.0,3.0,3.0,1.0,10716.593,12868.191,40688.953,1.0,nan,nan
26.0,2.0,5.0,2.0,3.0,2.0,1.0,1.0,2.0,4.0,5.0,5.0,5.0,1.0,5.0,1.0,5.0,5.0,3.0,5.0,5.0,5.0,1.0,1.0,5.0,5.0,1.0,1.0,5.0,1.0,370.848,24500.219,45522.117,2.0,2.0,12.0
72.0,1.0,3.0,1.0,2.0,0.0,2.0,1.0,2.0,1.0,1.0,5.0,2.0,1.0,5.0,2.0,2.0,4.0,3.0,5.0,3.0,4.0,2.0,2.0,1.0,2.0,1.0,1.0,5.0,1.0,7754.563,14484.582,41059.02,1.0,nan,nan
41.0,1.0,3.0,1.0,4.0,2.0,2.0,5.0,2.0,1.0,2.0,5.0,3.0,1.0,4.0,5.0,5.0,5.0,2.0,4.0,4.0,5.0,5.0,3.0,3.0,3.0,2.0,2.0,3.0,1.0,8259.411,14354.077,41368.59,2.0,2.0,15.0
30.0,1.0,3.0,1.0,2.0,0.0,4.0,5.0,2.0,4.0,4.0,5.0,4.0,4.0,4.0,4.0,5.0,4.0,2.0,4.0,4.0,4.0,4.0,2.0,2.0,2.0,2.0,2.0,3.0,1.0,1661.688,27104.725,49600.176,2.0,2.0,18.0
39.0,1.0,3.0,1.0,3.0,1.0,4.0,5.0,2.0,1.0,4.0,5.0,5.0,1.0,3.0,4.0,4.0,4.0,1.0,2.0,4.0,4.0,4.0,2.0,2.0,3.0,1.0,1.0,2.0,1.0,7409.646,14783.296,41234.691,1.0,nan,nan
27.0,1.0,3.0,1.0,2.0,0.0,4.0,4.0,2.0,4.0,2.0,5.0,5.0,1.0,3.0,5.0,4.0,4.0,3.0,4.0,4.0,4.0,3.0,1.0,1.0,3.0,3.0,3.0,3.0,1.0,4170.642,18105.676,44185.414,2.0,2.0,9.0
50.0,2.0,3.0,3.0,3.0,1.0,5.0,4.0,2.0,1.0,5.0,5.0,3.0,3.0,1.0,5.0,5.0,5.0,3.0,5.0,5.0,5.0,5.0,4.0,3.0,4.0,1.0,4.0,4.0,1.0,4169.727,18106.861,44186.727,2.0,2.0,8.0
52.0,1.0,3.0,1.0,3.0,0.0,4.0,5.0,2.0,1.0,2.0,5.0,4.0,3.0,2.0,5.0,5.0,5.0,3.0,4.0,3.0,4.0,4.0,4.0,3.0,3.0,3.0,3.0,2.0,1.0,8077.185,15294.99,42630.719,2.0,2.0,7.0
45.0,1.0,5.0,1.0,3.0,0.0,3.0,3.0,2.0,2.0,2.0,5.0,5.0,3.0,5.0,5.0,5.0,5.0,3.0,4.0,3.0,4.0,5.0,1.0,3.0,5.0,5.0,5.0,5.0,1.0,7382.766,14827.767,41303.707,2.0,2.0,19.0
42.0,1.0,3.0,1.0,4.0,2.0,2.0,5.0,2.0,1.0,3.0,3.0,3.0,1.0,1.0,4.0,4.0,3.0,2.0,1.0,3.0,3.0,4.0,4.0,3.0,4.0,1.0,5.0,5.0,1.0,8263.983,16695.016,44422.352,1.0,nan,nan
50.0,2.0,3.0,1.0,4.0,0.0,5.0,5.0,2.0,1.0,4.0,4.0,4.0,4.0,5.0,4.0,4.0,4.0,5.0,5.0,5.0,5.0,5.0,5.0,1.0,5.0,1.0,3.0,5.0,1.0,6740.28,19172.506,46784.465,1.0,nan,nan
47.0,2.0,3.0,1.0,3.0,0.0,3.0,2.0,2.0,1.0,1.0,4.0,3.0,1.0,1.0,3.0,5.0,5.0,4.0,4.0,4.0,2.0,4.0,1.0,1.0,3.0,3.0,4.0,1.0,1.0,10938.195,18796.188,53181.414,1.0,nan,nan
47.0,1.0,3.0,1.0,4.0,0.0,2.0,5.0,2.0,1.0,1.0,5.0,1.0,1.0,4.0,4.0,3.0,3.0,3.0,4.0,4.0,5.0,2.0,2.0,1.0,4.0,1.0,3.0,1.0,1.0,13156.357,19785.355,52009.09,2.0,2.0,15.0
35.0,1.0,3.0,1.0,4.0,2.0,3.0,5.0,2.0,1.0,5.0,5.0,5.0,1.0,2.0,5.0,5.0,5.0,3.0,3.0,4.0,5.0,5.0,5.0,3.0,5.0,5.0,5.0,5.0,1.0,10046.511,15496.829,46573.777,2.0,nan,8.0
67.0,1.0,3.0,1.0,2.0,0.0,1.0,3.0,2.0,1.0,1.0,5.0,5.0,1.0,5.0,3.0,4.0,4.0,2.0,5.0,5.0,3.0,5.0,4.0,5.0,5.0,1.0,5.0,5.0,1.0,8517.118,15537.319,45171.277,1.0,nan,nan
55.0,1.0,3.0,1.0,2.0,0.0,4.0,5.0,2.0,1.0,3.0,5.0,2.0,1.0,3.0,5.0,2.0,4.0,2.0,2.0,3.0,2.0,3.0,4.0,5.0,4.0,3.0,1.0,2.0,1.0,8359.326,14734.618,44996.727,1.0,nan,nan
55.0,1.0,3.0,2.0,2.0,0.0,5.0,3.0,2.0,1.0,1.0,5.0,5.0,1.0,1.0,1.0,1.0,2.0,1.0,1.0,4.0,1.0,4.0,1.0,1.0,1.0,1.0,1.0,1.0,1.0,12781.847,27294.996,48666.586,2.0,1.0,14.0
75.0,2.0,3.0,1.0,2.0,0.0,1.0,1.0,2.0,1.0,2.0,4.0,4.0,1.0,4.0,5.0,5.0,4.0,1.0,1.0,3.0,3.0,2.0,1.0,4.0,1.0,1.0,3.0,3.0,1.0,12139.798,26257.684,47365.824,1.0,nan,nan
70.0,2.0,3.0,4.0,1.0,0.0,5.0,1.0,2.0,4.0,5.0,5.0,1.0,1.0,5.0,5.0,4.0,5.0,5.0,5.0,5.0,5.0,5.0,1.0,5.0,5.0,5.0,5.0,5.0,1.0,5196.51,21953.361,42501.656,2.0,2.0,13.0
38.0,1.0,3.0,1.0,4.0,0.0,3.0,4.0,2.0,1.0,3.0,5.0,5.0,1.0,3.0,5.0,5.0,5.0,5.0,5.0,4.0,5.0,4.0,4.0,1.0,3.0,1.0,1.0,3.0,1.0,7801.106,18317.43,42905.395,2.0,2.0,23.0
56.0,1.0,3.0,1.0,3.0,1.0,4.0,5.0,2.0,2.0,2.0,5.0,3.0,3.0,3.0,5.0,5.0,4.0,4.0,5.0,5.0,5.0,5.0,3.0,1.0,5.0,4.0,1.0,3.0,1.0,12526.935,29064.648,49882.461,1.0,nan,nan
33.0,2.0,3.0,2.0,5.0,2.0,3.0,2.0,2.0,4.0,4.0,5.0,5.0,1.0,3.0,5.0,5.0,5.0,3.0,4.0,5.0,5.0,5.0,3.0,1.0,5.0,1.0,5.0,1.0,1.0,14730.145,29829.928,51788.418,2.0,1.0,16.0
36.0,1.0,3.0,1.0,3.0,1.0,4.0,3.0,2.0,4.0,5.0,5.0,2.0,1.0,3.0,4.0,4.0,4.0,3.0,4.0,4.0,5.0,4.0,2.0,2.0,3.0,1.0,3.0,2.0,1.0,11968.799,31684.154,52147.531,2.0,2.0,10.0
44.0,2.0,3.0,1.0,4.0,1.0,2.0,4.0,2.0,2.0,3.0,5.0,2.0,1.0,5.0,5.0,3.0,5.0,2.0,3.0,5.0,5.0,3.0,3.0,1.0,3.0,1.0,3.0,1.0,1.0,12111.138,27724.666,48581.27,2.0,2.0,12.0
47.0,2.0,3.0,1.0,2.0,0.0,3.0,4.0,2.0,1.0,5.0,5.0,2.0,1.0,3.0,5.0,5.0,4.0,4.0,3.0,3.0,3.0,3.0,3.0,3.0,3.0,1.0,1.0,1.0,1.0,4449.696,15889.717,41074.609,1.0,nan,nan
56.0,2.0,3.0,3.0,2.0,0.0,2.0,2.0,2.0,1.0,1.0,5.0,2.0,1.0,2.0,2.0,2.0,5.0,1.0,2.0,2.0,2.0,3.0,3.0,1.0,1.0,1.0,1.0,2.0,1.0,10748.501,32830.84,53656.586,2.0,2.0,7.0
67.0,2.0,3.0,4.0,1.0,0.0,4.0,1.0,2.0,1.0,2.0,5.0,3.0,1.0,4.0,5.0,5.0,5.0,5.0,5.0,5.0,5.0,5.0,3.0,3.0,5.0,1.0,1.0,2.0,1.0,6094.191,17425.863,42694.539,2.0,2.0,7.0
75.0,1.0,3.0,1.0,2.0,0.0,2.0,5.0,2.0,1.0,1.0,5.0,5.0,1.0,1.0,3.0,3.0,4.0,4.0,4.0,4.0,5.0,4.0,4.0,3.0,4.0,1.0,5.0,5.0,1.0,15797.092,28581.133,51501.926,2.0,3.0,10.0
45.0,1.0,3.0,1.0,2.0,0.0,2.0,1.0,1.0,1.0,1.0,5.0,5.0,1.0,3.0,4.0,3.0,3.0,4.0,1.0,4.0,3.0,3.0,1.0,4.0,4.0,1.0,3.0,1.0,1.0,11864.861,21426.689,42546.066,2.0,1.0,22.0
52.0,2.0,3.0,4.0,2.0,1.0,4.0,3.0,2.0,1.0,3.0,5.0,2.0,1.0,4.0,5.0,5.0,5.0,4.0,4.0,4.0,5.0,5.0,3.0,2.0,5.0,1.0,2.0,4.0,1.0,6397.115,24511.346,45018.563,2.0,1.0,5.0
38.0,1.0,3.0,2.0,1.0,0.0,4.0,4.0,2.0,1.0,2.0,5.0,5.0,1.0,4.0,5.0,5.0,5.0,3.0,4.0,5.0,4.0,5.0,4.0,4.0,5.0,3.0,2.0,2.0,1.0,12527.147,29174.857,49964.105,1.0,nan,nan
22.0,2.0,3.0,2.0,2.0,0.0,4.0,4.0,2.0,4.0,3.0,3.0,2.0,1.0,3.0,4.0,3.0,5.0,3.0,4.0,2.0,4.0,2.0,2.0,1.0,2.0,1.0,1.0,1.0,1.0,10382.017,34118.637,59115.93,1.0,nan,nan
39.0,1.0,3.0,2.0,4.0,3.0,2.0,5.0,2.0,4.0,1.0,5.0,5.0,1.0,3.0,4.0,4.0,2.0,2.0,3.0,2.0,2.0,2.0,1.0,1.0,2.0,1.0,3.0,1.0,1.0,8253.266,31966.826,56408.832,2.0,2.0,7.0
51.0,2.0,3.0,4.0,4.0,2.0,2.0,2.0,2.0,1.0,3.0,4.0,2.0,1.0,4.0,4.0,2.0,3.0,3.0,3.0,3.0,3.0,3.0,4.0,1.0,4.0,1.0,4.0,3.0,1.0,6628.267,29397.939,52429.891,1.0,nan,nan
37.0,2.0,3.0,1.0,2.0,0.0,5.0,3.0,2.0,1.0,4.0,4.0,5.0,3.0,2.0,5.0,5.0,2.0,3.0,3.0,4.0,4.0,5.0,5.0,5.0,5.0,4.0,1.0,5.0,2.0,1531.899,3518.17,3518.17,2.0,2.0,nan
31.0,1.0,3.0,1.0,4.0,0.0,4.0,5.0,2.0,2.0,4.0,4.0,5.0,3.0,3.0,5.0,3.0,5.0,3.0,3.0,5.0,4.0,4.0,4.0,1.0,3.0,3.0,2.0,1.0,2.0,693.301,2272.281,2272.281,2.0,1.0,12.0
29.0,1.0,3.0,3.0,2.0,0.0,3.0,4.0,2.0,4.0,4.0,4.0,3.0,1.0,5.0,5.0,5.0,4.0,4.0,5.0,4.0,5.0,4.0,1.0,1.0,3.0,1.0,2.0,2.0,2.0,284.991,13456.589,40409.617,2.0,2.0,14.0
22.0,1.0,3.0,1.0,4.0,2.0,3.0,2.0,2.0,4.0,3.0,5.0,5.0,4.0,2.0,5.0,4.0,3.0,2.0,3.0,3.0,3.0,5.0,5.0,3.0,4.0,1.0,1.0,4.0,2.0,131.509,131.509,131.509,2.0,1.0,24.0
30.0,2.0,3.0,1.0,5.0,3.0,3.0,5.0,2.0,1.0,5.0,4.0,5.0,1.0,3.0,4.0,4.0,4.0,2.0,5.0,5.0,4.0,3.0,1.0,2.0,1.0,1.0,1.0,1.0,2.0,837.862,1096.269,1096.269,2.0,2.0,7.0
65.0,1.0,5.0,1.0,3.0,0.0,5.0,4.0,2.0,2.0,3.0,4.0,4.0,1.0,4.0,5.0,5.0,4.0,4.0,5.0,4.0,4.0,3.0,5.0,5.0,2.0,4.0,4.0,4.0,2.0,1524.896,3050.692,3050.692,2.0,1.0,5.0
44.0,1.0,3.0,1.0,4.0,0.0,3.0,4.0,2.0,1.0,5.0,5.0,5.0,5.0,5.0,5.0,5.0,5.0,5.0,5.0,5.0,5.0,5.0,5.0,5.0,5.0,5.0,5.0,5.0,2.0,557.455,557.455,557.455,2.0,1.0,6.0
78.0,1.0,3.0,4.0,3.0,0.0,5.0,1.0,2.0,1.0,5.0,5.0,5.0,1.0,3.0,5.0,1.0,5.0,1.0,5.0,5.0,5.0,5.0,5.0,3.0,5.0,5.0,5.0,5.0,2.0,154.484,154.484,154.484,2.0,2.0,10.0
46.0,1.0,3.0,1.0,4.0,1.0,3.0,4.0,2.0,1.0,4.0,4.0,4.0,3.0,1.0,5.0,1.0,1.0,1.0,1.0,1.0,5.0,3.0,1.0,1.0,1.0,1.0,1.0,1.0,2.0,158.499,158.499,158.499,2.0,2.0,6.0
37.0,2.0,3.0,1.0,5.0,3.0,3.0,5.0,2.0,1.0,5.0,5.0,4.0,4.0,3.0,5.0,3.0,3.0,4.0,4.0,5.0,5.0,5.0,4.0,3.0,4.0,2.0,5.0,5.0,2.0,718.687,2799.874,2799.874,2.0,2.0,12.0
35.0,2.0,3.0,1.0,4.0,2.0,3.0,1.0,2.0,4.0,5.0,5.0,5.0,5.0,5.0,5.0,5.0,5.0,3.0,5.0,5.0,5.0,3.0,3.0,3.0,5.0,1.0,3.0,2.0,2.0,637.409,2601.678,2601.678,2.0,2.0,18.0
35.0,2.0,3.0,3.0,4.0,3.0,4.0,4.0,2.0,1.0,5.0,4.0,5.0,4.0,4.0,5.0,3.0,2.0,2.0,3.0,5.0,5.0,4.0,1.0,3.0,4.0,1.0,1.0,2.0,2.0,671.661,2666.423,2666.423,2.0,2.0,10.0
37.0,2.0,3.0,1.0,4.0,2.0,4.0,5.0,2.0,1.0,5.0,5.0,4.0,3.0,4.0,5.0,5.0,5.0,3.0,4.0,4.0,5.0,5.0,4.0,3.0,5.0,3.0,3.0,5.0,2.0,648.258,2631.111,2631.111,2.0,2.0,18.0
27.0,2.0,3.0,1.0,4.0,2.0,4.0,5.0,2.0,1.0,2.0,5.0,3.0,1.0,4.0,5.0,2.0,4.0,4.0,5.0,5.0,5.0,3.0,2.0,1.0,4.0,1.0,1.0,2.0,2.0,349.926,2790.91,2790.91,2.0,1.0,15.0
61.0,1.0,3.0,4.0,1.0,0.0,1.0,4.0,2.0,1.0,4.0,5.0,4.0,1.0,1.0,3.0,4.0,2.0,2.0,1.0,1.0,4.0,5.0,4.0,2.0,2.0,1.0,1.0,2.0,2.0,609.573,997.905,997.905,2.0,2.0,11.0
41.0,1.0,3.0,1.0,4.0,0.0,2.0,5.0,2.0,1.0,5.0,5.0,4.0,4.0,5.0,5.0,1.0,5.0,5.0,5.0,5.0,5.0,5.0,1.0,2.0,2.0,2.0,3.0,5.0,2.0,610.841,997.833,997.833,2.0,2.0,12.0
17.0,1.0,1.0,1.0,4.0,1.0,2.0,1.0,1.0,5.0,1.0,3.0,5.0,1.0,3.0,1.0,3.0,4.0,2.0,4.0,3.0,2.0,3.0,2.0,4.0,5.0,1.0,4.0,3.0,2.0,616.441,997.959,997.959,2.0,3.0,12.0
46.0,1.0,3.0,1.0,6.0,2.0,2.0,2.0,2.0,1.0,3.0,4.0,5.0,1.0,3.0,5.0,5.0,5.0,2.0,3.0,2.0,5.0,5.0,3.0,1.0,3.0,1.0,1.0,1.0,2.0,85.518,85.518,85.518,2.0,1.0,12.0
44.0,2.0,3.0,1.0,3.0,1.0,2.0,5.0,2.0,1.0,5.0,5.0,5.0,4.0,3.0,5.0,1.0,5.0,3.0,3.0,5.0,5.0,5.0,1.0,1.0,5.0,3.0,3.0,2.0,2.0,1803.215,20870.746,42772.18,2.0,1.0,10.0
37.0,2.0,3.0,1.0,4.0,2.0,4.0,5.0,2.0,4.0,5.0,5.0,3.0,2.0,3.0,5.0,5.0,3.0,2.0,2.0,4.0,5.0,5.0,4.0,3.0,4.0,3.0,2.0,1.0,2.0,214.811,6020.765,6020.765,2.0,1.0,12.0
44.0,1.0,3.0,1.0,3.0,1.0,2.0,5.0,2.0,1.0,5.0,4.0,4.0,5.0,1.0,5.0,5.0,5.0,1.0,1.0,3.0,2.0,5.0,1.0,1.0,1.0,1.0,2.0,1.0,2.0,210.571,6012.651,6012.651,2.0,1.0,16.0
61.0,1.0,3.0,1.0,2.0,0.0,2.0,5.0,2.0,2.0,3.0,4.0,1.0,1.0,1.0,5.0,3.0,3.0,1.0,1.0,3.0,4.0,3.0,3.0,2.0,2.0,1.0,4.0,5.0,2.0,632.831,6443.404,6443.404,2.0,2.0,8.0
49.0,2.0,3.0,1.0,14.0,5.0,2.0,3.0,2.0,2.0,3.0,4.0,3.0,2.0,4.0,4.0,4.0,4.0,4.0,4.0,3.0,4.0,4.0,2.0,3.0,4.0,3.0,4.0,4.0,2.0,494.884,7377.753,7377.753,2.0,2.0,9.0
60.0,1.0,3.0,1.0,2.0,0.0,5.0,5.0,2.0,1.0,4.0,5.0,5.0,5.0,4.0,5.0,4.0,3.0,3.0,3.0,3.0,4.0,5.0,5.0,4.0,4.0,1.0,2.0,4.0,2.0,1210.804,8882.093,8882.093,2.0,3.0,3.0
47.0,1.0,3.0,1.0,4.0,2.0,4.0,5.0,2.0,1.0,5.0,4.0,4.0,4.0,4.0,5.0,5.0,1.0,1.0,4.0,4.0,5.0,5.0,1.0,1.0,1.0,1.0,3.0,5.0,2.0,1266.896,8839.518,8839.518,2.0,1.0,6.0
53.0,1.0,3.0,1.0,5.0,2.0,3.0,5.0,2.0,1.0,2.0,5.0,2.0,2.0,3.0,5.0,2.0,2.0,2.0,1.0,3.0,3.0,5.0,4.0,4.0,1.0,1.0,1.0,2.0,2.0,1174.627,8966.041,8966.041,2.0,1.0,6.0
31.0,1.0,3.0,1.0,2.0,2.0,3.0,5.0,2.0,4.0,2.0,3.0,3.0,1.0,4.0,5.0,5.0,5.0,1.0,2.0,2.0,3.0,5.0,1.0,1.0,3.0,1.0,4.0,1.0,2.0,226.331,7268.229,7268.229,2.0,2.0,14.0
38.0,1.0,3.0,1.0,5.0,3.0,1.0,3.0,2.0,4.0,1.0,5.0,4.0,5.0,2.0,5.0,4.0,5.0,3.0,3.0,3.0,5.0,3.0,2.0,2.0,1.0,1.0,2.0,2.0,2.0,212.257,7253.507,7253.507,2.0,2.0,15.0
52.0,1.0,5.0,1.0,3.0,1.0,2.0,3.0,1.0,1.0,5.0,3.0,1.0,1.0,5.0,5.0,5.0,5.0,5.0,5.0,5.0,5.0,5.0,5.0,5.0,5.0,5.0,5.0,5.0,2.0,112.993,5492.639,5492.639,2.0,1.0,6.0
54.0,1.0,5.0,1.0,2.0,0.0,2.0,5.0,2.0,1.0,5.0,5.0,3.0,1.0,4.0,5.0,1.0,1.0,1.0,1.0,5.0,5.0,5.0,1.0,1.0,1.0,1.0,1.0,1.0,2.0,110.928,5601.11,5601.11,2.0,2.0,7.0
33.0,2.0,3.0,1.0,4.0,2.0,2.0,4.0,2.0,1.0,4.0,4.0,4.0,5.0,4.0,5.0,5.0,5.0,3.0,3.0,3.0,3.0,3.0,5.0,5.0,5.0,3.0,4.0,1.0,2.0,882.363,3085.013,3085.013,2.0,1.0,nan
61.0,1.0,3.0,1.0,2.0,0.0,5.0,5.0,2.0,1.0,5.0,5.0,5.0,1.0,1.0,5.0,1.0,1.0,1.0,1.0,5.0,5.0,5.0,1.0,1.0,1.0,1.0,1.0,3.0,2.0,882.363,3085.013,3085.013,2.0,2.0,nan
34.0,2.0,3.0,1.0,4.0,2.0,3.0,5.0,2.0,4.0,1.0,4.0,4.0,1.0,2.0,5.0,3.0,4.0,1.0,2.0,3.0,4.0,4.0,3.0,1.0,1.0,3.0,4.0,2.0,2.0,882.363,3085.013,3085.013,2.0,2.0,14.0
48.0,1.0,3.0,1.0,3.0,1.0,2.0,5.0,2.0,1.0,4.0,5.0,5.0,5.0,4.0,5.0,5.0,5.0,5.0,5.0,5.0,5.0,5.0,1.0,5.0,5.0,1.0,4.0,4.0,2.0,1691.895,4073.206,4073.206,2.0,nan,14.0
64.0,2.0,3.0,1.0,2.0,0.0,3.0,1.0,2.0,1.0,1.0,1.0,1.0,1.0,1.0,1.0,1.0,1.0,1.0,1.0,1.0,1.0,1.0,1.0,1.0,1.0,1.0,1.0,1.0,2.0,1083.132,2379.647,24171.031,1.0,nan,nan
43.0,1.0,3.0,1.0,8.0,5.0,3.0,5.0,2.0,1.0,5.0,4.0,3.0,3.0,3.0,4.0,4.0,5.0,2.0,2.0,4.0,4.0,4.0,4.0,3.0,3.0,1.0,1.0,3.0,2.0,1024.255,2263.666,24211.785,2.0,2.0,13.0
31.0,1.0,3.0,1.0,3.0,1.0,3.0,4.0,2.0,4.0,5.0,5.0,4.0,1.0,4.0,5.0,5.0,4.0,4.0,5.0,5.0,5.0,5.0,1.0,1.0,5.0,2.0,4.0,1.0,2.0,969.972,2146.107,25384.07,2.0,nan,nan
50.0,2.0,3.0,1.0,2.0,0.0,2.0,4.0,2.0,1.0,5.0,5.0,3.0,3.0,2.0,4.0,4.0,5.0,4.0,4.0,4.0,5.0,4.0,4.0,3.0,5.0,5.0,4.0,3.0,2.0,1161.03,1161.03,24623.893,2.0,2.0,12.0
46.0,1.0,3.0,1.0,4.0,1.0,2.0,2.0,2.0,1.0,1.0,5.0,5.0,4.0,5.0,5.0,5.0,5.0,2.0,5.0,5.0,5.0,4.0,3.0,3.0,1.0,4.0,3.0,1.0,2.0,941.596,1943.206,24990.207,1.0,nan,nan
72.0,1.0,3.0,4.0,1.0,0.0,3.0,1.0,2.0,4.0,1.0,5.0,3.0,1.0,1.0,5.0,5.0,1.0,1.0,2.0,3.0,4.0,5.0,1.0,1.0,5.0,1.0,4.0,4.0,2.0,940.072,1950.145,25005.215,2.0,2.0,13.0
66.0,1.0,3.0,1.0,2.0,0.0,3.0,3.0,2.0,1.0,2.0,5.0,3.0,1.0,5.0,5.0,5.0,5.0,3.0,5.0,5.0,5.0,5.0,5.0,5.0,5.0,1.0,5.0,5.0,2.0,935.256,2388.303,24807.65,2.0,2.0,9.0
66.0,1.0,3.0,1.0,2.0,0.0,5.0,2.0,2.0,1.0,3.0,5.0,5.0,1.0,2.0,3.0,3.0,3.0,3.0,3.0,3.0,3.0,5.0,5.0,4.0,4.0,4.0,5.0,5.0,2.0,839.639,2803.178,24106.746,1.0,nan,nan
48.0,2.0,3.0,1.0,3.0,0.0,2.0,5.0,2.0,4.0,5.0,5.0,5.0,3.0,5.0,5.0,5.0,5.0,3.0,5.0,5.0,5.0,5.0,3.0,5.0,5.0,1.0,1.0,5.0,2.0,1259.282,1592.476,25041.26,2.0,1.0,22.0
44.0,1.0,3.0,1.0,3.0,1.0,3.0,5.0,2.0,1.0,5.0,5.0,5.0,5.0,3.0,5.0,5.0,5.0,1.0,2.0,5.0,4.0,5.0,5.0,2.0,5.0,4.0,1.0,3.0,2.0,1009.855,1422.878,23243.627,2.0,2.0,5.0
69.0,1.0,5.0,2.0,3.0,0.0,5.0,3.0,2.0,1.0,1.0,4.0,1.0,1.0,3.0,5.0,5.0,5.0,5.0,5.0,5.0,5.0,5.0,5.0,5.0,4.0,2.0,4.0,5.0,2.0,974.47,3146.566,24572.791,2.0,2.0,7.0
30.0,2.0,3.0,1.0,4.0,2.0,2.0,4.0,2.0,1.0,4.0,5.0,5.0,1.0,3.0,4.0,4.0,4.0,4.0,1.0,2.0,3.0,3.0,3.0,1.0,1.0,1.0,2.0,4.0,2.0,739.682,2414.891,25513.658,1.0,nan,nan
50.0,2.0,5.0,1.0,2.0,0.0,2.0,4.0,2.0,1.0,3.0,5.0,3.0,1.0,1.0,5.0,5.0,1.0,1.0,1.0,5.0,2.0,5.0,1.0,1.0,1.0,1.0,1.0,1.0,2.0,178.838,580.548,25763.049,2.0,2.0,9.0
48.0,2.0,3.0,2.0,1.0,0.0,3.0,1.0,2.0,1.0,5.0,3.0,1.0,1.0,2.0,4.0,3.0,1.0,1.0,2.0,2.0,5.0,2.0,4.0,2.0,2.0,1.0,3.0,4.0,2.0,181.384,576.936,25763.063,2.0,2.0,12.0
51.0,1.0,3.0,2.0,1.0,0.0,2.0,5.0,1.0,2.0,1.0,4.0,1.0,1.0,1.0,5.0,5.0,5.0,1.0,1.0,4.0,3.0,5.0,5.0,4.0,4.0,1.0,1.0,5.0,2.0,428.774,1898.907,23799.139,1.0,nan,nan
58.0,1.0,3.0,1.0,2.0,0.0,4.0,5.0,2.0,2.0,5.0,5.0,1.0,1.0,1.0,5.0,5.0,5.0,4.0,5.0,5.0,5.0,5.0,1.0,1.0,5.0,1.0,5.0,5.0,2.0,1296.373,1938.912,23883.398,2.0,1.0,9.0
53.0,2.0,3.0,3.0,2.0,0.0,3.0,1.0,2.0,4.0,4.0,5.0,3.0,1.0,3.0,5.0,5.0,5.0,2.0,4.0,4.0,4.0,5.0,3.0,2.0,5.0,1.0,3.0,1.0,2.0,267.782,3170.429,23786.973,1.0,nan,nan
55.0,1.0,3.0,1.0,2.0,0.0,2.0,5.0,2.0,1.0,4.0,4.0,5.0,1.0,1.0,4.0,4.0,4.0,2.0,3.0,3.0,4.0,4.0,5.0,2.0,3.0,1.0,1.0,2.0,2.0,911.707,1874.548,24705.031,1.0,nan,nan
48.0,1.0,3.0,1.0,2.0,0.0,2.0,5.0,2.0,1.0,4.0,4.0,3.0,3.0,3.0,5.0,5.0,5.0,5.0,5.0,5.0,5.0,5.0,4.0,3.0,3.0,2.0,4.0,4.0,3.0,2643.296,4452.495,29281.996,1.0,nan,nan
58.0,2.0,3.0,3.0,2.0,0.0,2.0,2.0,2.0,1.0,5.0,5.0,3.0,3.0,2.0,5.0,5.0,5.0,2.0,2.0,4.0,5.0,2.0,2.0,2.0,3.0,3.0,4.0,3.0,3.0,2096.561,2622.891,25829.146,2.0,1.0,16.0
53.0,2.0,3.0,2.0,2.0,0.0,5.0,3.0,2.0,1.0,2.0,5.0,5.0,1.0,2.0,3.0,3.0,3.0,3.0,3.0,4.0,4.0,5.0,5.0,3.0,1.0,1.0,5.0,5.0,3.0,1985.382,23796.965,43160.805,1.0,nan,nan
39.0,2.0,3.0,1.0,5.0,3.0,2.0,5.0,2.0,1.0,3.0,5.0,2.0,1.0,2.0,5.0,2.0,2.0,2.0,2.0,5.0,5.0,5.0,3.0,1.0,2.0,1.0,2.0,4.0,3.0,3047.375,13066.042,33825.289,2.0,2.0,7.0
37.0,2.0,3.0,1.0,3.0,1.0,3.0,5.0,2.0,1.0,2.0,5.0,5.0,3.0,3.0,3.0,2.0,2.0,2.0,3.0,3.0,3.0,4.0,3.0,1.0,3.0,3.0,4.0,5.0,3.0,3233.07,10236.996,32900.48,2.0,1.0,19.0
46.0,1.0,3.0,1.0,2.0,0.0,2.0,5.0,2.0,1.0,1.0,3.0,5.0,1.0,1.0,3.0,3.0,3.0,2.0,2.0,2.0,2.0,4.0,5.0,1.0,3.0,1.0,1.0,5.0,3.0,3069.464,12104.415,33350.605,1.0,nan,nan
35.0,2.0,3.0,2.0,3.0,2.0,1.0,1.0,1.0,4.0,1.0,4.0,1.0,1.0,3.0,2.0,2.0,4.0,1.0,1.0,3.0,3.0,3.0,4.0,1.0,1.0,1.0,2.0,4.0,3.0,2024.406,14431.206,35272.605,1.0,nan,nan
51.0,1.0,3.0,1.0,2.0,0.0,4.0,2.0,2.0,1.0,5.0,5.0,5.0,5.0,1.0,5.0,1.0,1.0,1.0,1.0,5.0,5.0,5.0,5.0,1.0,1.0,1.0,1.0,3.0,3.0,4064.818,11671.01,32125.477,2.0,2.0,7.0
47.0,1.0,3.0,1.0,3.0,1.0,4.0,5.0,2.0,1.0,4.0,2.0,2.0,1.0,1.0,3.0,3.0,3.0,2.0,1.0,2.0,3.0,4.0,1.0,1.0,1.0,1.0,1.0,1.0,3.0,2850.899,10303.419,33289.398,2.0,1.0,15.0
42.0,1.0,3.0,2.0,2.0,0.0,2.0,1.0,1.0,2.0,1.0,4.0,4.0,4.0,1.0,4.0,1.0,1.0,1.0,1.0,1.0,1.0,5.0,5.0,4.0,1.0,1.0,1.0,1.0,3.0,6901.209,10646.297,29337.512,1.0,nan,nan
66.0,2.0,3.0,1.0,2.0,0.0,2.0,2.0,2.0,1.0,1.0,5.0,4.0,1.0,1.0,5.0,1.0,1.0,1.0,1.0,1.0,1.0,4.0,4.0,1.0,2.0,1.0,1.0,1.0,3.0,1949.455,8964.075,24361.449,2.0,1.0,9.0
48.0,1.0,1.0,2.0,3.0,0.0,2.0,4.0,2.0,2.0,5.0,5.0,5.0,4.0,5.0,5.0,5.0,4.0,3.0,4.0,5.0,5.0,5.0,3.0,1.0,1.0,1.0,3.0,5.0,3.0,1386.63,1949.623,23585.699,2.0,1.0,17.0
75.0,2.0,1.0,4.0,6.0,5.0,4.0,3.0,2.0,3.0,3.0,5.0,5.0,1.0,5.0,5.0,4.0,3.0,5.0,3.0,4.0,4.0,4.0,5.0,5.0,5.0,1.0,5.0,5.0,3.0,2232.24,7460.579,23753.801,2.0,3.0,nan
71.0,1.0,3.0,1.0,2.0,0.0,3.0,3.0,2.0,1.0,2.0,2.0,4.0,1.0,4.0,5.0,4.0,5.0,1.0,2.0,3.0,1.0,4.0,4.0,2.0,2.0,1.0,1.0,5.0,3.0,4118.053,9357.679,31141.467,1.0,nan,nan
26.0,1.0,3.0,1.0,2.0,0.0,4.0,5.0,2.0,1.0,3.0,4.0,4.0,3.0,2.0,4.0,4.0,3.0,3.0,2.0,3.0,3.0,3.0,4.0,1.0,1.0,1.0,1.0,1.0,3.0,3239.668,27615.506,47312.324,1.0,nan,nan
52.0,2.0,1.0,1.0,3.0,1.0,5.0,5.0,2.0,1.0,5.0,5.0,4.0,1.0,3.0,5.0,1.0,5.0,5.0,5.0,4.0,5.0,5.0,3.0,5.0,5.0,5.0,5.0,5.0,3.0,2777.195,29599.012,50444.594,1.0,nan,nan
69.0,1.0,3.0,1.0,2.0,0.0,2.0,3.0,2.0,1.0,3.0,4.0,2.0,1.0,1.0,4.0,2.0,2.0,2.0,3.0,3.0,3.0,3.0,3.0,2.0,2.0,1.0,1.0,5.0,3.0,3221.329,29728.346,50217.832,1.0,nan,nan
53.0,2.0,1.0,3.0,3.0,2.0,2.0,3.0,2.0,1.0,4.0,5.0,5.0,3.0,4.0,5.0,5.0,4.0,4.0,5.0,3.0,4.0,3.0,1.0,2.0,2.0,1.0,3.0,4.0,3.0,1336.83,27854.727,50104.797,1.0,nan,nan
49.0,2.0,1.0,1.0,5.0,3.0,3.0,1.0,1.0,1.0,1.0,1.0,1.0,1.0,1.0,5.0,5.0,5.0,5.0,5.0,5.0,5.0,5.0,5.0,5.0,5.0,5.0,5.0,5.0,3.0,2017.692,22325.584,42496.492,2.0,2.0,6.0
48.0,1.0,1.0,1.0,4.0,1.0,5.0,3.0,2.0,1.0,2.0,5.0,5.0,3.0,1.0,1.0,1.0,4.0,1.0,1.0,5.0,2.0,3.0,1.0,1.0,4.0,1.0,1.0,1.0,3.0,8582.824,27458.699,39906.566,1.0,nan,nan
43.0,2.0,3.0,2.0,3.0,0.0,2.0,5.0,2.0,5.0,5.0,5.0,1.0,1.0,1.0,3.0,1.0,1.0,1.0,1.0,4.0,5.0,3.0,3.0,1.0,1.0,1.0,1.0,2.0,3.0,7915.538,27097.994,40277.352,2.0,2.0,9.0
82.0,2.0,3.0,1.0,2.0,0.0,3.0,4.0,1.0,3.0,3.0,5.0,3.0,1.0,1.0,4.0,4.0,3.0,2.0,2.0,4.0,4.0,2.0,5.0,1.0,1.0,1.0,2.0,5.0,3.0,7846.615,30917.15,46058.168,1.0,nan,nan
80.0,2.0,3.0,1.0,2.0,0.0,3.0,4.0,2.0,2.0,2.0,4.0,2.0,1.0,2.0,2.0,2.0,2.0,1.0,2.0,2.0,4.0,5.0,5.0,3.0,3.0,1.0,1.0,2.0,3.0,9198.045,32796.363,47813.914,1.0,nan,nan
59.0,1.0,3.0,1.0,2.0,0.0,3.0,5.0,2.0,2.0,4.0,4.0,3.0,2.0,4.0,5.0,2.0,4.0,3.0,4.0,4.0,4.0,2.0,2.0,2.0,3.0,1.0,1.0,3.0,3.0,8483.443,31868.371,46977.477,2.0,2.0,5.0
52.0,2.0,3.0,3.0,1.0,0.0,3.0,3.0,2.0,1.0,1.0,4.0,3.0,1.0,3.0,3.0,4.0,2.0,2.0,2.0,3.0,3.0,2.0,4.0,5.0,4.0,4.0,3.0,4.0,3.0,5004.636,28853.725,46672.848,1.0,nan,nan
33.0,1.0,3.0,2.0,1.0,0.0,3.0,3.0,2.0,1.0,4.0,4.0,4.0,3.0,2.0,5.0,4.0,4.0,3.0,3.0,4.0,4.0,3.0,3.0,2.0,3.0,3.0,3.0,4.0,3.0,5182.117,29010.893,46697.129,1.0,nan,nan
56.0,2.0,3.0,1.0,2.0,0.0,2.0,5.0,2.0,1.0,1.0,5.0,5.0,1.0,1.0,5.0,5.0,3.0,1.0,1.0,1.0,2.0,2.0,4.0,2.0,2.0,2.0,1.0,4.0,3.0,10838.059,33827.422,46977.758,1.0,nan,nan
46.0,1.0,3.0,1.0,3.0,1.0,4.0,5.0,2.0,1.0,1.0,4.0,3.0,4.0,2.0,4.0,1.0,3.0,2.0,4.0,4.0,3.0,4.0,1.0,3.0,3.0,1.0,3.0,4.0,3.0,11015.19,34000.027,47036.098,2.0,2.0,9.0
69.0,2.0,3.0,4.0,1.0,0.0,3.0,3.0,2.0,1.0,2.0,2.0,1.0,1.0,2.0,3.0,3.0,2.0,1.0,1.0,2.0,2.0,3.0,3.0,2.0,2.0,1.0,1.0,1.0,3.0,10307.816,32241.238,44605.828,1.0,nan,nan
80.0,2.0,3.0,4.0,1.0,0.0,2.0,1.0,1.0,5.0,5.0,5.0,1.0,1.0,5.0,5.0,5.0,5.0,1.0,5.0,5.0,5.0,5.0,1.0,1.0,1.0,1.0,1.0,1.0,3.0,5774.18,27935.217,43886.688,2.0,2.0,17.0
28.0,1.0,3.0,1.0,2.0,0.0,4.0,5.0,2.0,1.0,4.0,5.0,1.0,2.0,4.0,5.0,5.0,1.0,4.0,3.0,5.0,5.0,2.0,1.0,1.0,3.0,1.0,1.0,3.0,3.0,7055.241,35516.004,54315.371,2.0,2.0,7.0
50.0,2.0,3.0,1.0,2.0,0.0,4.0,5.0,2.0,1.0,4.0,5.0,5.0,1.0,2.0,5.0,5.0,5.0,4.0,3.0,5.0,5.0,5.0,5.0,4.0,5.0,2.0,2.0,5.0,3.0,6782.633,34402.156,52869.082,2.0,2.0,1.0
65.0,1.0,3.0,1.0,2.0,0.0,2.0,3.0,2.0,1.0,5.0,4.0,2.0,1.0,2.0,5.0,5.0,4.0,5.0,4.0,5.0,4.0,3.0,2.0,5.0,5.0,4.0,5.0,5.0,3.0,14514.876,41391.609,55118.969,1.0,nan,nan
32.0,1.0,1.0,1.0,4.0,2.0,4.0,5.0,2.0,4.0,5.0,5.0,5.0,1.0,1.0,3.0,1.0,1.0,1.0,1.0,1.0,1.0,1.0,1.0,1.0,1.0,1.0,1.0,1.0,3.0,11887.888,32824.391,42002.281,2.0,3.0,12.0
46.0,1.0,3.0,3.0,2.0,1.0,2.0,4.0,2.0,2.0,4.0,3.0,1.0,1.0,3.0,3.0,4.0,4.0,2.0,2.0,3.0,3.0,2.0,2.0,4.0,3.0,3.0,4.0,4.0,4.0,14652.755,26140.186,26140.186,1.0,nan,nan
40.0,1.0,3.0,1.0,3.0,1.0,4.0,4.0,2.0,1.0,1.0,4.0,3.0,2.0,3.0,5.0,3.0,3.0,1.0,1.0,2.0,4.0,4.0,1.0,1.0,1.0,1.0,1.0,2.0,4.0,16102.61,25872.889,25872.889,1.0,nan,nan
39.0,1.0,3.0,1.0,4.0,1.0,2.0,4.0,2.0,5.0,1.0,5.0,1.0,1.0,5.0,5.0,5.0,5.0,5.0,5.0,5.0,5.0,5.0,3.0,1.0,3.0,5.0,5.0,5.0,4.0,15697.137,25703.076,25703.076,2.0,2.0,9.0
70.0,1.0,3.0,1.0,2.0,0.0,2.0,4.0,2.0,1.0,5.0,5.0,2.0,1.0,2.0,4.0,3.0,3.0,3.0,3.0,4.0,5.0,3.0,3.0,2.0,1.0,1.0,3.0,4.0,4.0,13991.922,25528.379,25528.379,1.0,nan,nan
42.0,2.0,3.0,3.0,3.0,0.0,3.0,3.0,2.0,1.0,5.0,5.0,2.0,5.0,5.0,5.0,1.0,5.0,1.0,5.0,5.0,5.0,5.0,1.0,1.0,1.0,1.0,4.0,4.0,4.0,15861.036,25088.363,25088.363,2.0,1.0,20.0
44.0,1.0,3.0,1.0,3.0,1.0,2.0,5.0,2.0,1.0,1.0,4.0,4.0,4.0,2.0,2.0,1.0,2.0,2.0,1.0,3.0,3.0,5.0,5.0,1.0,5.0,3.0,1.0,4.0,4.0,18315.68,25597.252,25597.252,1.0,nan,nan
44.0,2.0,3.0,2.0,3.0,0.0,3.0,2.0,2.0,5.0,1.0,5.0,2.0,1.0,5.0,5.0,4.0,3.0,1.0,4.0,3.0,4.0,4.0,4.0,2.0,2.0,2.0,2.0,4.0,4.0,15191.153,19902.375,19902.375,2.0,nan,nan
43.0,2.0,3.0,1.0,5.0,2.0,3.0,5.0,2.0,1.0,4.0,5.0,4.0,3.0,4.0,5.0,5.0,5.0,4.0,4.0,4.0,5.0,4.0,3.0,2.0,3.0,1.0,2.0,1.0,5.0,896.992,4756.525,33862.402,2.0,2.0,7.0
45.0,1.0,3.0,1.0,4.0,2.0,4.0,5.0,2.0,1.0,5.0,5.0,2.0,4.0,2.0,5.0,5.0,4.0,4.0,3.0,4.0,4.0,4.0,5.0,2.0,2.0,2.0,1.0,3.0,5.0,2351.845,3847.646,33014.145,1.0,nan,nan
54.0,2.0,3.0,1.0,4.0,1.0,4.0,5.0,2.0,1.0,4.0,4.0,5.0,2.0,2.0,5.0,5.0,4.0,3.0,3.0,4.0,4.0,5.0,2.0,4.0,3.0,1.0,1.0,2.0,5.0,1566.171,3173.6,32354.859,2.0,2.0,9.0
78.0,2.0,3.0,1.0,2.0,0.0,3.0,3.0,2.0,1.0,5.0,5.0,5.0,1.0,1.0,5.0,5.0,5.0,1.0,1.0,5.0,5.0,5.0,1.0,1.0,1.0,1.0,1.0,1.0,5.0,828.803,5327.678,34461.066,2.0,2.0,9.0
64.0,2.0,3.0,1.0,2.0,0.0,3.0,5.0,2.0,1.0,5.0,5.0,3.0,1.0,1.0,4.0,5.0,1.0,1.0,1.0,5.0,5.0,4.0,4.0,4.0,5.0,1.0,1.0,5.0,5.0,2485.9,5325.639,35434.703,2.0,1.0,5.0
77.0,1.0,3.0,1.0,2.0,0.0,5.0,5.0,2.0,1.0,5.0,5.0,1.0,1.0,1.0,5.0,5.0,5.0,4.0,2.0,4.0,5.0,5.0,3.0,2.0,4.0,1.0,1.0,5.0,5.0,2681.431,5407.104,35586.336,2.0,1.0,21.0
24.0,2.0,3.0,1.0,3.0,1.0,2.0,2.0,2.0,2.0,1.0,1.0,4.0,1.0,5.0,1.0,1.0,1.0,4.0,5.0,4.0,5.0,1.0,1.0,1.0,4.0,3.0,4.0,1.0,5.0,2031.891,4154.168,33665.418,2.0,3.0,7.0
62.0,1.0,3.0,4.0,1.0,0.0,3.0,4.0,2.0,1.0,3.0,4.0,2.0,1.0,3.0,4.0,4.0,2.0,2.0,3.0,3.0,3.0,4.0,3.0,2.0,2.0,1.0,3.0,3.0,5.0,805.18,12452.679,40649.227,1.0,nan,nan
52.0,1.0,7.0,1.0,3.0,0.0,1.0,2.0,2.0,1.0,3.0,3.0,3.0,5.0,3.0,4.0,4.0,4.0,4.0,4.0,4.0,4.0,4.0,4.0,4.0,4.0,4.0,4.0,4.0,5.0,238.546,9674.546,37163.723,1.0,nan,nan
44.0,1.0,3.0,1.0,5.0,3.0,3.0,5.0,2.0,1.0,4.0,5.0,4.0,2.0,4.0,5.0,5.0,4.0,4.0,4.0,4.0,4.0,3.0,3.0,2.0,5.0,3.0,4.0,5.0,5.0,241.374,4954.503,34534.754,2.0,1.0,12.0
37.0,2.0,1.0,2.0,5.0,3.0,5.0,1.0,1.0,2.0,5.0,5.0,5.0,5.0,5.0,5.0,5.0,5.0,5.0,5.0,5.0,5.0,5.0,1.0,5.0,5.0,5.0,1.0,5.0,5.0,257.039,13472.279,40404.914,2.0,1.0,12.0
49.0,2.0,3.0,3.0,5.0,2.0,3.0,2.0,2.0,4.0,5.0,1.0,4.0,1.0,1.0,5.0,5.0,1.0,1.0,1.0,5.0,5.0,1.0,1.0,1.0,1.0,1.0,5.0,5.0,5.0,695.087,10505.011,38830.582,2.0,1.0,8.0
35.0,1.0,3.0,1.0,2.0,0.0,5.0,1.0,2.0,4.0,5.0,5.0,1.0,1.0,1.0,5.0,5.0,5.0,4.0,1.0,5.0,5.0,5.0,1.0,1.0,4.0,1.0,1.0,1.0,5.0,1797.588,8618.198,38681.02,2.0,1.0,9.0
64.0,2.0,3.0,4.0,3.0,0.0,3.0,3.0,2.0,1.0,4.0,4.0,1.0,1.0,1.0,1.0,1.0,1.0,1.0,1.0,4.0,5.0,1.0,1.0,1.0,1.0,1.0,1.0,4.0,5.0,1142.633,9038.344,37287.789,2.0,1.0,7.0
30.0,1.0,3.0,2.0,1.0,0.0,5.0,3.0,2.0,1.0,4.0,5.0,3.0,3.0,5.0,2.0,2.0,4.0,1.0,5.0,2.0,3.0,5.0,4.0,2.0,3.0,2.0,4.0,5.0,5.0,798.385,12381.036,40255.504,2.0,2.0,6.0
70.0,1.0,3.0,1.0,2.0,0.0,5.0,5.0,2.0,1.0,3.0,2.0,1.0,4.0,3.0,4.0,2.0,4.0,3.0,3.0,4.0,3.0,2.0,2.0,2.0,2.0,2.0,1.0,4.0,5.0,651.401,12760.661,41045.84,1.0,nan,nan
47.0,1.0,3.0,1.0,3.0,0.0,3.0,5.0,2.0,1.0,2.0,4.0,3.0,1.0,2.0,4.0,4.0,3.0,1.0,1.0,3.0,4.0,2.0,3.0,3.0,4.0,2.0,2.0,3.0,5.0,634.677,13322.768,42225.195,1.0,nan,nan
54.0,1.0,3.0,1.0,2.0,0.0,4.0,5.0,2.0,1.0,4.0,4.0,3.0,2.0,4.0,4.0,4.0,3.0,3.0,3.0,4.0,4.0,4.0,4.0,2.0,2.0,2.0,2.0,2.0,5.0,223.434,6765.165,35887.914,2.0,2.0,8.0
51.0,2.0,3.0,3.0,8.0,4.0,2.0,1.0,2.0,4.0,1.0,5.0,5.0,1.0,3.0,4.0,4.0,4.0,2.0,3.0,3.0,4.0,3.0,3.0,4.0,4.0,5.0,5.0,5.0,5.0,15243.896,25013.0,54972.996,2.0,2.0,12.0
45.0,1.0,3.0,1.0,5.0,2.0,3.0,5.0,2.0,2.0,5.0,5.0,5.0,5.0,1.0,5.0,5.0,5.0,5.0,5.0,5.0,5.0,1.0,1.0,3.0,3.0,1.0,1.0,5.0,5.0,2755.882,14362.363,43756.664,2.0,1.0,16.0
54.0,1.0,3.0,1.0,2.0,0.0,4.0,5.0,2.0,1.0,1.0,3.0,1.0,1.0,1.0,4.0,4.0,3.0,2.0,1.0,3.0,1.0,5.0,5.0,3.0,2.0,1.0,1.0,1.0,5.0,14203.544,23952.625,53860.227,1.0,nan,nan
35.0,2.0,3.0,1.0,3.0,1.0,3.0,5.0,2.0,2.0,2.0,5.0,5.0,2.0,3.0,3.0,4.0,3.0,1.0,5.0,4.0,4.0,1.0,3.0,3.0,3.0,1.0,2.0,3.0,5.0,3492.562,28474.846,48903.117,2.0,2.0,8.0
63.0,2.0,3.0,4.0,1.0,0.0,2.0,3.0,2.0,1.0,1.0,5.0,1.0,1.0,3.0,2.0,2.0,4.0,1.0,4.0,2.0,1.0,3.0,4.0,1.0,1.0,1.0,1.0,1.0,5.0,3233.519,3617.947,27596.84,2.0,1.0,9.0
64.0,2.0,3.0,1.0,2.0,0.0,3.0,2.0,2.0,4.0,4.0,5.0,5.0,1.0,4.0,5.0,1.0,4.0,3.0,4.0,5.0,5.0,4.0,4.0,4.0,4.0,1.0,1.0,1.0,5.0,14931.4,26014.918,55686.594,2.0,1.0,21.0
41.0,2.0,3.0,1.0,4.0,2.0,4.0,5.0,2.0,1.0,5.0,5.0,5.0,2.0,4.0,5.0,5.0,1.0,1.0,1.0,2.0,1.0,1.0,4.0,2.0,2.0,1.0,1.0,1.0,5.0,5445.336,21110.73,49426.652,2.0,2.0,17.0
51.0,1.0,1.0,1.0,3.0,1.0,4.0,5.0,2.0,2.0,5.0,5.0,5.0,1.0,4.0,5.0,5.0,5.0,4.0,5.0,5.0,5.0,4.0,4.0,3.0,3.0,3.0,3.0,3.0,5.0,2081.706,15765.113,44057.23,2.0,2.0,7.0
49.0,1.0,3.0,1.0,4.0,2.0,3.0,5.0,2.0,1.0,1.0,1.0,4.0,1.0,1.0,4.0,1.0,1.0,1.0,1.0,1.0,1.0,4.0,1.0,1.0,1.0,1.0,1.0,1.0,5.0,13061.681,22175.375,52336.582,1.0,nan,nan
46.0,1.0,3.0,1.0,3.0,0.0,2.0,5.0,2.0,1.0,2.0,5.0,3.0,1.0,1.0,5.0,5.0,5.0,3.0,3.0,4.0,4.0,3.0,5.0,5.0,5.0,4.0,2.0,5.0,5.0,8295.328,26492.711,55971.625,1.0,nan,nan
51.0,1.0,3.0,1.0,2.0,0.0,3.0,5.0,2.0,1.0,3.0,1.0,5.0,2.0,2.0,3.0,3.0,3.0,1.0,1.0,3.0,5.0,3.0,5.0,5.0,5.0,5.0,5.0,5.0,5.0,6871.554,22959.322,52305.672,2.0,2.0,12.0
64.0,1.0,3.0,1.0,3.0,0.0,2.0,4.0,2.0,2.0,2.0,4.0,1.0,1.0,1.0,1.0,1.0,4.0,1.0,1.0,3.0,2.0,5.0,5.0,3.0,2.0,1.0,1.0,5.0,5.0,5392.76,15255.628,44710.289,1.0,nan,nan
43.0,1.0,3.0,1.0,4.0,1.0,2.0,5.0,2.0,1.0,2.0,4.0,4.0,3.0,1.0,3.0,3.0,2.0,3.0,3.0,3.0,4.0,2.0,2.0,1.0,3.0,1.0,1.0,5.0,5.0,9674.783,18448.645,48724.77,2.0,2.0,10.0
41.0,2.0,3.0,1.0,3.0,1.0,2.0,4.0,2.0,1.0,5.0,5.0,2.0,1.0,2.0,4.0,3.0,3.0,4.0,3.0,4.0,4.0,4.0,4.0,4.0,4.0,2.0,1.0,4.0,5.0,6344.583,16537.947,46285.953,1.0,nan,nan
44.0,1.0,3.0,1.0,4.0,2.0,2.0,3.0,2.0,1.0,1.0,4.0,4.0,1.0,1.0,4.0,4.0,4.0,1.0,1.0,3.0,4.0,1.0,1.0,2.0,3.0,2.0,2.0,3.0,5.0,10216.968,28142.984,58139.031,2.0,1.0,7.0
51.0,2.0,3.0,1.0,3.0,0.0,3.0,3.0,2.0,1.0,1.0,4.0,3.0,5.0,1.0,5.0,5.0,1.0,1.0,1.0,3.0,2.0,3.0,5.0,5.0,5.0,5.0,5.0,5.0,5.0,5390.384,22574.15,50945.957,1.0,nan,nan
43.0,2.0,5.0,3.0,3.0,2.0,1.0,2.0,1.0,2.0,5.0,5.0,5.0,1.0,4.0,3.0,3.0,3.0,4.0,4.0,4.0,4.0,3.0,3.0,4.0,4.0,3.0,3.0,3.0,5.0,11956.642,21314.82,51724.707,1.0,nan,nan
76.0,2.0,3.0,4.0,1.0,0.0,4.0,3.0,2.0,1.0,4.0,4.0,1.0,1.0,4.0,4.0,3.0,3.0,1.0,2.0,3.0,3.0,4.0,4.0,3.0,4.0,1.0,3.0,4.0,5.0,8438.05,19688.275,49715.176,1.0,nan,nan
76.0,1.0,3.0,1.0,2.0,0.0,3.0,3.0,2.0,1.0,3.0,3.0,5.0,1.0,1.0,5.0,5.0,1.0,1.0,1.0,5.0,5.0,5.0,1.0,3.0,3.0,1.0,1.0,3.0,5.0,6115.429,17790.59,47405.898,2.0,2.0,11.0
32.0,2.0,3.0,1.0,5.0,3.0,3.0,3.0,2.0,4.0,2.0,3.0,3.0,2.0,3.0,4.0,4.0,4.0,3.0,3.0,3.0,4.0,4.0,4.0,3.0,3.0,3.0,5.0,4.0,5.0,9864.936,20054.027,50283.789,2.0,2.0,9.0
49.0,2.0,3.0,1.0,4.0,0.0,4.0,5.0,2.0,1.0,3.0,5.0,4.0,1.0,2.0,4.0,5.0,5.0,2.0,1.0,2.0,5.0,4.0,1.0,1.0,1.0,1.0,1.0,1.0,5.0,1914.266,4401.031,33160.016,2.0,2.0,8.0
45.0,1.0,3.0,1.0,5.0,2.0,3.0,5.0,2.0,1.0,3.0,3.0,4.0,4.0,1.0,5.0,5.0,4.0,1.0,1.0,3.0,3.0,4.0,5.0,4.0,4.0,1.0,1.0,5.0,3.0,1964.659,2535.414,25653.34,1.0,nan,nan
53.0,2.0,3.0,1.0,3.0,0.0,3.0,5.0,2.0,1.0,5.0,5.0,4.0,4.0,3.0,5.0,5.0,1.0,1.0,3.0,4.0,5.0,3.0,3.0,3.0,3.0,1.0,1.0,3.0,3.0,3246.391,4842.943,28905.766,2.0,2.0,nan
52.0,1.0,7.0,1.0,5.0,1.0,3.0,5.0,2.0,1.0,4.0,4.0,3.0,3.0,4.0,1.0,1.0,1.0,2.0,2.0,4.0,3.0,3.0,3.0,4.0,4.0,2.0,2.0,5.0,3.0,2355.154,2964.593,26742.207,1.0,nan,nan
45.0,2.0,3.0,1.0,3.0,1.0,3.0,5.0,2.0,1.0,5.0,5.0,4.0,3.0,3.0,5.0,2.0,4.0,4.0,4.0,4.0,5.0,4.0,3.0,3.0,3.0,3.0,2.0,4.0,3.0,4041.186,14273.356,33173.762,2.0,2.0,12.0
39.0,2.0,3.0,1.0,4.0,2.0,4.0,5.0,2.0,1.0,5.0,5.0,2.0,3.0,3.0,5.0,2.0,4.0,4.0,4.0,4.0,5.0,3.0,3.0,3.0,4.0,1.0,1.0,4.0,3.0,3343.953,11957.734,32982.504,2.0,2.0,8.0
47.0,1.0,3.0,1.0,4.0,2.0,3.0,5.0,2.0,1.0,5.0,5.0,5.0,4.0,3.0,5.0,5.0,4.0,3.0,2.0,5.0,5.0,3.0,1.0,2.0,2.0,1.0,2.0,2.0,5.0,50.182,5663.371,34871.906,2.0,2.0,5.0
56.0,1.0,3.0,1.0,2.0,0.0,3.0,2.0,2.0,1.0,5.0,5.0,4.0,1.0,1.0,2.0,4.0,5.0,5.0,5.0,5.0,5.0,5.0,4.0,5.0,4.0,1.0,4.0,5.0,3.0,1535.665,2153.534,25019.51,2.0,2.0,9.0
30.0,2.0,1.0,2.0,3.0,1.0,3.0,2.0,2.0,2.0,5.0,5.0,5.0,3.0,5.0,5.0,4.0,5.0,3.0,3.0,5.0,5.0,3.0,3.0,1.0,3.0,3.0,3.0,4.0,3.0,658.829,1214.119,24125.961,2.0,2.0,17.0
64.0,2.0,5.0,3.0,1.0,0.0,2.0,1.0,2.0,1.0,1.0,5.0,5.0,1.0,5.0,5.0,4.0,5.0,4.0,5.0,5.0,5.0,5.0,5.0,5.0,5.0,1.0,5.0,5.0,3.0,3838.757,4384.338,26325.916,2.0,1.0,10.0
42.0,2.0,6.0,3.0,3.0,1.0,3.0,1.0,1.0,2.0,3.0,5.0,5.0,1.0,1.0,5.0,5.0,4.0,5.0,5.0,5.0,5.0,3.0,3.0,4.0,4.0,4.0,5.0,3.0,3.0,1150.308,1725.873,23394.617,2.0,1.0,14.0
45.0,1.0,1.0,1.0,4.0,2.0,3.0,5.0,2.0,1.0,5.0,5.0,4.0,2.0,3.0,4.0,4.0,4.0,4.0,4.0,5.0,5.0,3.0,4.0,5.0,5.0,2.0,2.0,3.0,3.0,133.924,675.778,23435.664,2.0,2.0,6.0
44.0,2.0,3.0,1.0,3.0,0.0,4.0,5.0,2.0,1.0,5.0,5.0,3.0,2.0,3.0,5.0,4.0,2.0,1.0,2.0,3.0,5.0,4.0,5.0,1.0,2.0,1.0,1.0,5.0,3.0,7801.298,29931.566,30844.115,2.0,2.0,3.0
53.0,2.0,3.0,1.0,2.0,0.0,3.0,5.0,2.0,1.0,5.0,3.0,3.0,1.0,2.0,5.0,1.0,1.0,1.0,2.0,2.0,5.0,3.0,1.0,1.0,1.0,1.0,1.0,1.0,3.0,10102.563,31472.227,33390.742,2.0,1.0,nan
50.0,2.0,3.0,1.0,2.0,0.0,5.0,5.0,2.0,1.0,5.0,5.0,5.0,4.0,4.0,3.0,3.0,2.0,3.0,3.0,3.0,3.0,3.0,3.0,3.0,3.0,1.0,1.0,1.0,3.0,7142.674,30963.742,47516.27,1.0,nan,nan
80.0,1.0,3.0,1.0,2.0,0.0,3.0,5.0,2.0,1.0,2.0,4.0,4.0,1.0,1.0,5.0,5.0,2.0,1.0,3.0,4.0,4.0,1.0,1.0,3.0,3.0,1.0,1.0,1.0,3.0,8326.729,35391.32,52651.891,1.0,nan,nan
49.0,1.0,3.0,1.0,2.0,0.0,2.0,4.0,2.0,2.0,1.0,5.0,1.0,1.0,1.0,3.0,3.0,3.0,1.0,1.0,3.0,1.0,3.0,5.0,1.0,1.0,1.0,1.0,1.0,5.0,293.797,5328.114,34522.969,1.0,nan,nan
56.0,1.0,3.0,1.0,2.0,0.0,3.0,5.0,2.0,1.0,4.0,5.0,4.0,3.0,1.0,4.0,4.0,4.0,3.0,3.0,3.0,5.0,3.0,1.0,2.0,2.0,1.0,1.0,5.0,5.0,1802.233,25177.736,44892.461,2.0,1.0,2.0
36.0,2.0,5.0,1.0,4.0,2.0,3.0,5.0,2.0,1.0,3.0,3.0,2.0,1.0,4.0,4.0,3.0,4.0,1.0,5.0,3.0,3.0,1.0,3.0,1.0,3.0,5.0,5.0,5.0,5.0,15380.504,24898.563,54908.984,2.0,2.0,10.0
75.0,1.0,3.0,1.0,2.0,0.0,4.0,3.0,2.0,1.0,4.0,4.0,4.0,4.0,3.0,4.0,4.0,4.0,4.0,4.0,4.0,4.0,4.0,4.0,5.0,5.0,4.0,4.0,4.0,5.0,2543.992,3848.559,33617.43,2.0,2.0,8.0
