white,black,hispanic,asian,native,evac
1,0,0,0,0,0
1,0,0,0,0,0
1,0,0,0,0,0
0,0,1,0,0,1
1,0,0,0,0,0
1,0,0,0,0,1
0,0,0,0,0,1
1,0,0,0,0,0
1,0,0,0,0,1
1,0,0,0,0,0
0,0,0,0,0,0
1,0,0,0,0,1
1,0,0,0,0,1
1,0,0,0,0,0
0,0,0,1,0,0
1,0,0,0,0,1
1,0,0,0,0,1
1,0,0,0,0,0
1,0,0,0,0,0
0,0,0,0,0,0
1,0,0,0,0,1
1,0,0,0,0,1
1,0,0,0,0,1
0,0,0,0,0,0
1,0,0,0,0,0
1,0,0,0,0,0
1,0,0,0,0,1
1,0,0,0,0,0
0,0,0,0,1,0
1,0,0,0,0,0
1,0,0,0,0,0
1,0,0,0,0,0
1,0,0,0,0,0
1,0,0,0,0,0
1,0,0,0,0,1
1,0,0,0,0,0
1,0,0,0,0,1
1,0,0,0,0,0
1,0,0,0,0,0
1,0,0,0,0,0
1,0,0,0,0,0
1,0,0,0,0,1
1,0,0,0,0,0
0,1,0,0,0,0
1,0,0,0,0,0
1,0,0,0,0,0
1,0,0,0,0,0
0,1,0,0,0,0
1,0,0,0,0,0
1,0,0,0,0,0
1,0,0,0,0,1
1,0,0,0,0,0
1,0,0,0,0,0
1,0,0,0,0,0
1,0,0,0,0,0
1,0,0,0,0,0
0,0,1,0,0,0
1,0,0,0,0,1
1,0,0,0,0,0
1,0,0,0,0,0
1,0,0,0,0,1
1,0,0,0,0,1
0,0,1,0,0,1
1,0,0,0,0,0
1,0,0,0,0,0
1,0,0,0,0,0
1,0,0,0,0,1
1,0,0,0,0,1
1,0,0,0,0,0
0,1,0,0,0,0
1,0,0,0,0,0
1,0,0,0,0,0
1,0,0,0,0,0
1,0,0,0,0,0
1,0,0,0,0,0
1,0,0,0,0,0
1,0,0,0,0,1
1,0,0,0,0,0
1,0,0,0,0,0
1,0,0,0,0,1
1,0,0,0,0,0
1,0,0,0,0,0
1,0,0,0,0,1
1,0,0,0,0,0
1,0,0,0,0,0
1,0,0,0,0,1
1,0,0,0,0,1
1,0,0,0,0,1
1,0,0,0,0,1
0,0,0,0,0,1
1,0,0,0,0,0
1,0,0,0,0,0
1,0,0,0,0,1
1,0,0,0,0,0
1,0,0,0,0,0
0,0,1,0,0,1
1,0,0,0,0,0
1,0,0,0,0,0
1,0,0,0,0,0
1,0,0,0,0,0
1,0,0,0,0,0
0,0,0,1,0,0
1,0,0,0,0,0
1,0,0,0,0,0
1,0,0,0,0,1
1,0,0,0,0,1
0,0,0,0,0,0
0,0,0,0,0,0
1,0,0,0,0,0
1,0,0,0,0,0
0,0,0,0,0,1
1,0,0,0,0,0
1,0,0,0,0,0
1,0,0,0,0,0
1,0,0,0,0,1
1,0,0,0,0,0
1,0,0,0,0,0
1,0,0,0,0,1
1,0,0,0,0,0
1,0,0,0,0,0
1,0,0,0,0,0
1,0,0,0,0,0
1,0,0,0,0,1
1,0,0,0,0,1
1,0,0,0,0,0
1,0,0,0,0,0
1,0,0,0,0,1
1,0,0,0,0,1
1,0,0,0,0,0
1,0,0,0,0,1
0,0,0,0,0,0
1,0,0,0,0,0
0,0,0,0,1,0
1,0,0,0,0,0
1,0,0,0,0,0
1,0,0,0,0,0
1,0,0,0,0,0
1,0,0,0,0,0
1,0,0,0,0,1
0,0,0,0,1,0
1,0,0,0,0,1
1,0,0,0,0,0
1,0,0,0,0,0
1,0,0,0,0,0
1,0,0,0,0,0
0,0,0,0,0,0
1,0,0,0,0,0
1,0,0,0,0,0
1,0,0,0,0,0
1,0,0,0,0,0
1,0,0,0,0,1
1,0,0,0,0,0
1,0,0,0,0,0
1,0,0,0,0,0
1,0,0,0,0,0
1,0,0,0,0,0
1,0,0,0,0,0
1,0,0,0,0,1
0,0,0,0,0,1
1,0,0,0,0,1
1,0,0,0,0,1
1,0,0,0,0,1
1,0,0,0,0,1
1,0,0,0,0,0
1,0,0,0,0,0
1,0,0,0,0,0
1,0,0,0,0,1
1,0,0,0,0,0
1,0,0,0,0,1
1,0,0,0,0,0
1,0,0,0,0,1
1,0,0,0,0,0
1,0,0,0,0,0
0,0,0,0,0,0
1,0,0,0,0,1
1,0,0,0,0,1
1,0,0,0,0,0
0,0,0,0,0,0
1,0,0,0,0,1
1,0,0,0,0,0
0,0,0,0,1,0
1,0,0,0,0,1
1,0,0,0,0,0
1,0,0,0,0,0
1,0,0,0,0,0
1,0,0,0,0,1
1,0,0,0,0,1
0,1,0,0,0,0
1,0,0,0,0,0
1,0,0,0,0,1
1,0,0,0,0,0
1,0,0,0,0,1
1,0,0,0,0,1
1,0,0,0,0,0
1,0,0,0,0,1
1,0,0,0,0,0
1,0,0,0,0,1
1,0,0,0,0,0
0,0,1,0,0,0
1,0,0,0,0,1
1,0,0,0,0,1
1,0,0,0,0,1
1,0,0,0,0,0
1,0,0,0,0,0
1,0,0,0,0,1
1,0,0,0,0,0
1,0,0,0,0,0
0,0,0,0,0,1
1,0,0,0,0,1
1,0,0,0,0,0
1,0,0,0,0,1
1,0,0,0,0,0
1,0,0,0,0,0
1,0,0,0,0,0
1,0,0,0,0,1
1,0,0,0,0,0
1,0,0,0,0,0
1,0,0,0,0,0
1,0,0,0,0,1
1,0,0,0,0,0
1,0,0,0,0,0
1,0,0,0,0,0
1,0,0,0,0,1
1,0,0,0,0,0
1,0,0,0,0,1
1,0,0,0,0,1
1,0,0,0,0,0
1,0,0,0,0,0
1,0,0,0,0,0
0,0,1,0,0,0
1,0,0,0,0,0
1,0,0,0,0,1
1,0,0,0,0,0
1,0,0,0,0,0
1,0,0,0,0,0
1,0,0,0,0,0
1,0,0,0,0,1
1,0,0,0,0,0
0,0,0,0,0,1
1,0,0,0,0,0
1,0,0,0,0,1
1,0,0,0,0,0
1,0,0,0,0,1
1,0,0,0,0,0
1,0,0,0,0,0
1,0,0,0,0,0
1,0,0,0,0,0
1,0,0,0,0,0
1,0,0,0,0,0
1,0,0,0,0,0
1,0,0,0,0,0
1,0,0,0,0,1
1,0,0,0,0,0
1,0,0,0,0,0
1,0,0,0,0,0
1,0,0,0,0,1
1,0,0,0,0,1
1,0,0,0,0,0
1,0,0,0,0,1
1,0,0,0,0,0
1,0,0,0,0,1
1,0,0,0,0,1
1,0,0,0,0,0
1,0,0,0,0,0
1,0,0,0,0,0
1,0,0,0,0,0
1,0,0,0,0,0
0,0,0,0,1,0
1,0,0,0,0,0
1,0,0,0,0,0
1,0,0,0,0,0
0,1,0,0,0,0
1,0,0,0,0,1
1,0,0,0,0,0
1,0,0,0,0,0
0,1,0,0,0,1
1,0,0,0,0,0
1,0,0,0,0,0
1,0,0,0,0,1
1,0,0,0,0,1
1,0,0,0,0,0
1,0,0,0,0,0
1,0,0,0,0,1
1,0,0,0,0,0
1,0,0,0,0,1
1,0,0,0,0,0
0,1,0,0,0,0
0,1,0,0,0,0
1,0,0,0,0,1
1,0,0,0,0,0
1,0,0,0,0,0
1,0,0,0,0,1
1,0,0,0,0,0
1,0,0,0,0,1
1,0,0,0,0,1
1,0,0,0,0,0
1,0,0,0,0,0
1,0,0,0,0,0
1,0,0,0,0,0
1,0,0,0,0,0
1,0,0,0,0,0
1,0,0,0,0,1
1,0,0,0,0,1
1,0,0,0,0,1
1,0,0,0,0,0
1,0,0,0,0,1
1,0,0,0,0,0
1,0,0,0,0,0
0,1,0,0,0,0
1,0,0,0,0,1
1,0,0,0,0,0
1,0,0,0,0,0
1,0,0,0,0,0
1,0,0,0,0,1
1,0,0,0,0,0
1,0,0,0,0,0
1,0,0,0,0,0
1,0,0,0,0,1
1,0,0,0,0,0
1,0,0,0,0,1
1,0,0,0,0,0
0,1,0,0,0,0
1,0,0,0,0,0
1,0,0,0,0,0
1,0,0,0,0,1
1,0,0,0,0,1
1,0,0,0,0,1
1,0,0,0,0,0
1,0,0,0,0,1
1,0,0,0,0,0
1,0,0,0,0,0
1,0,0,0,0,0
1,0,0,0,0,1
1,0,0,0,0,1
1,0,0,0,0,1
1,0,0,0,0,1
1,0,0,0,0,0
1,0,0,0,0,0
1,0,0,0,0,0
1,0,0,0,0,0
1,0,0,0,0,1
1,0,0,0,0,0
1,0,0,0,0,0
1,0,0,0,0,0
1,0,0,0,0,0
1,0,0,0,0,1
1,0,0,0,0,1
1,0,0,0,0,0
1,0,0,0,0,1
1,0,0,0,0,1
1,0,0,0,0,0
1,0,0,0,0,0
1,0,0,0,0,1
1,0,0,0,0,0
1,0,0,0,0,0
1,0,0,0,0,0
1,0,0,0,0,0
1,0,0,0,0,0
1,0,0,0,0,0
1,0,0,0,0,1
1,0,0,0,0,0
1,0,0,0,0,0
1,0,0,0,0,1
1,0,0,0,0,0
1,0,0,0,0,0
1,0,0,0,0,0
1,0,0,0,0,0
1,0,0,0,0,1
1,0,0,0,0,0
1,0,0,0,0,0
1,0,0,0,0,1
1,0,0,0,0,1
1,0,0,0,0,0
1,0,0,0,0,0
1,0,0,0,0,0
1,0,0,0,0,0
1,0,0,0,0,0
0,1,0,0,0,0
1,0,0,0,0,0
1,0,0,0,0,0
1,0,0,0,0,0
1,0,0,0,0,0
1,0,0,0,0,0
1,0,0,0,0,1
1,0,0,0,0,0
1,0,0,0,0,0
1,0,0,0,0,0
1,0,0,0,0,1
1,0,0,0,0,0
0,1,0,0,0,0
1,0,0,0,0,0
1,0,0,0,0,0
1,0,0,0,0,0
1,0,0,0,0,1
1,0,0,0,0,0
1,0,0,0,0,0
1,0,0,0,0,0
1,0,0,0,0,0
1,0,0,0,0,1
1,0,0,0,0,0
1,0,0,0,0,0
1,0,0,0,0,1
1,0,0,0,0,1
1,0,0,0,0,0
1,0,0,0,0,1
1,0,0,0,0,0
1,0,0,0,0,1
1,0,0,0,0,0
1,0,0,0,0,0
1,0,0,0,0,0
1,0,0,0,0,0
0,0,1,0,0,1
1,0,0,0,0,0
0,0,0,0,0,0
1,0,0,0,0,1
1,0,0,0,0,0
1,0,0,0,0,0
1,0,0,0,0,1
1,0,0,0,0,0
0,0,1,0,0,0
1,0,0,0,0,0
1,0,0,0,0,0
1,0,0,0,0,0
1,0,0,0,0,0
1,0,0,0,0,0
1,0,0,0,0,0
1,0,0,0,0,0
1,0,0,0,0,0
1,0,0,0,0,1
1,0,0,0,0,1
1,0,0,0,0,0
1,0,0,0,0,1
1,0,0,0,0,1
1,0,0,0,0,1
1,0,0,0,0,1
1,0,0,0,0,0
1,0,0,0,0,0
1,0,0,0,0,1
1,0,0,0,0,1
1,0,0,0,0,0
1,0,0,0,0,1
1,0,0,0,0,1
1,0,0,0,0,1
1,0,0,0,0,1
1,0,0,0,0,0
1,0,0,0,0,0
1,0,0,0,0,0
1,0,0,0,0,0
1,0,0,0,0,0
1,0,0,0,0,0
1,0,0,0,0,0
0,1,0,0,0,0
0,1,0,0,0,0
1,0,0,0,0,0
1,0,0,0,0,0
1,0,0,0,0,0
1,0,0,0,0,1
1,0,0,0,0,0
1,0,0,0,0,1
1,0,0,0,0,0
0,1,0,0,0,1
1,0,0,0,0,0
1,0,0,0,0,0
1,0,0,0,0,0
1,0,0,0,0,0
1,0,0,0,0,0
1,0,0,0,0,0
1,0,0,0,0,1
1,0,0,0,0,1
1,0,0,0,0,0
1,0,0,0,0,1
0,0,1,0,0,0
0,0,0,0,0,1
1,0,0,0,0,0
1,0,0,0,0,1
1,0,0,0,0,0
1,0,0,0,0,1
1,0,0,0,0,0
1,0,0,0,0,0
1,0,0,0,0,0
0,0,1,0,0,1
1,0,0,0,0,1
0,0,0,0,0,0
1,0,0,0,0,1
0,0,0,0,1,0
1,0,0,0,0,0
1,0,0,0,0,1
1,0,0,0,0,0
1,0,0,0,0,0
1,0,0,0,0,0
1,0,0,0,0,1
1,0,0,0,0,0
1,0,0,0,0,0
1,0,0,0,0,0
1,0,0,0,0,0
1,0,0,0,0,1
1,0,0,0,0,0
1,0,0,0,0,0
0,0,0,0,1,0
1,0,0,0,0,0
1,0,0,0,0,0
1,0,0,0,0,1
1,0,0,0,0,0
1,0,0,0,0,0
0,1,0,0,0,0
1,0,0,0,0,1
1,0,0,0,0,1
1,0,0,0,0,0
0,0,0,0,1,0
1,0,0,0,0,1
0,1,0,0,0,0
1,0,0,0,0,1
1,0,0,0,0,0
1,0,0,0,0,1
1,0,0,0,0,0
1,0,0,0,0,0
1,0,0,0,0,0
1,0,0,0,0,0
1,0,0,0,0,1
1,0,0,0,0,0
1,0,0,0,0,1
1,0,0,0,0,0
1,0,0,0,0,0
1,0,0,0,0,0
1,0,0,0,0,1
1,0,0,0,0,1
1,0,0,0,0,1
1,0,0,0,0,0
1,0,0,0,0,0
1,0,0,0,0,1
1,0,0,0,0,1
1,0,0,0,0,0
1,0,0,0,0,0
1,0,0,0,0,1
1,0,0,0,0,0
1,0,0,0,0,1
1,0,0,0,0,0
1,0,0,0,0,0
0,0,0,0,0,0
1,0,0,0,0,0
1,0,0,0,0,0
1,0,0,0,0,0
1,0,0,0,0,0
1,0,0,0,0,0
1,0,0,0,0,1
1,0,0,0,0,0
1,0,0,0,0,0
1,0,0,0,0,0
1,0,0,0,0,0
1,0,0,0,0,1
1,0,0,0,0,0
1,0,0,0,0,0
1,0,0,0,0,0
0,0,0,0,0,0
1,0,0,0,0,0
0,0,0,0,0,0
1,0,0,0,0,0
1,0,0,0,0,0
1,0,0,0,0,0
1,0,0,0,0,1
1,0,0,0,0,0
1,0,0,0,0,1
0,0,1,0,0,0
1,0,0,0,0,0
1,0,0,0,0,0
1,0,0,0,0,0
1,0,0,0,0,0
1,0,0,0,0,1
1,0,0,0,0,1
1,0,0,0,0,0
1,0,0,0,0,1
1,0,0,0,0,1
0,0,0,0,0,0
1,0,0,0,0,1
1,0,0,0,0,0
1,0,0,0,0,0
1,0,0,0,0,0
1,0,0,0,0,0
1,0,0,0,0,0
1,0,0,0,0,1
0,0,0,0,1,1
1,0,0,0,0,0
1,0,0,0,0,0
1,0,0,0,0,0
1,0,0,0,0,0
1,0,0,0,0,0
1,0,0,0,0,1
1,0,0,0,0,0
1,0,0,0,0,0
1,0,0,0,0,1
1,0,0,0,0,0
1,0,0,0,0,0
1,0,0,0,0,0
1,0,0,0,0,0
1,0,0,0,0,0
1,0,0,0,0,0
1,0,0,0,0,1
1,0,0,0,0,1
1,0,0,0,0,1
1,0,0,0,0,1
1,0,0,0,0,1
1,0,0,0,0,1
1,0,0,0,0,0
1,0,0,0,0,0
1,0,0,0,0,0
0,0,0,0,0,1
0,0,0,0,0,0
0,1,0,0,0,0
1,0,0,0,0,1
1,0,0,0,0,0
1,0,0,0,0,0
1,0,0,0,0,1
1,0,0,0,0,0
1,0,0,0,0,0
1,0,0,0,0,0
1,0,0,0,0,1
1,0,0,0,0,0
1,0,0,0,0,1
0,0,0,0,1,0
1,0,0,0,0,0
1,0,0,0,0,0
0,0,0,0,1,0
1,0,0,0,0,1
1,0,0,0,0,0
1,0,0,0,0,1
1,0,0,0,0,1
1,0,0,0,0,0
0,0,0,0,0,1
1,0,0,0,0,0
1,0,0,0,0,0
0,1,0,0,0,1
1,0,0,0,0,1
1,0,0,0,0,0
1,0,0,0,0,1
1,0,0,0,0,0
1,0,0,0,0,0
1,0,0,0,0,1
1,0,0,0,0,0
1,0,0,0,0,0
1,0,0,0,0,0
1,0,0,0,0,0
1,0,0,0,0,0
1,0,0,0,0,0
1,0,0,0,0,0
1,0,0,0,0,0
1,0,0,0,0,0
0,1,0,0,0,0
1,0,0,0,0,0
1,0,0,0,0,1
1,0,0,0,0,1
1,0,0,0,0,0
1,0,0,0,0,0
1,0,0,0,0,0
1,0,0,0,0,0
1,0,0,0,0,1
1,0,0,0,0,1
1,0,0,0,0,0
1,0,0,0,0,0
0,1,0,0,0,1
0,1,0,0,0,0
1,0,0,0,0,0
1,0,0,0,0,0
1,0,0,0,0,0
0,0,0,0,0,1
1,0,0,0,0,0
1,0,0,0,0,0
1,0,0,0,0,1
1,0,0,0,0,0
1,0,0,0,0,0
0,0,0,0,1,0
1,0,0,0,0,0
1,0,0,0,0,0
1,0,0,0,0,0
1,0,0,0,0,0
1,0,0,0,0,0
1,0,0,0,0,0
0,0,0,0,0,0
1,0,0,0,0,0
1,0,0,0,0,0
1,0,0,0,0,0
1,0,0,0,0,1
1,0,0,0,0,0
1,0,0,0,0,0
1,0,0,0,0,0
0,0,1,0,0,0
1,0,0,0,0,1
1,0,0,0,0,0
1,0,0,0,0,0
1,0,0,0,0,0
1,0,0,0,0,0
1,0,0,0,0,1
1,0,0,0,0,0
1,0,0,0,0,0
1,0,0,0,0,1
1,0,0,0,0,0
1,0,0,0,0,0
1,0,0,0,0,0
1,0,0,0,0,1
1,0,0,0,0,0
1,0,0,0,0,1
1,0,0,0,0,0
1,0,0,0,0,0
1,0,0,0,0,0
1,0,0,0,0,0
1,0,0,0,0,0
0,1,0,0,0,1
1,0,0,0,0,0
1,0,0,0,0,0
1,0,0,0,0,0
1,0,0,0,0,1
1,0,0,0,0,1
1,0,0,0,0,0
1,0,0,0,0,0
1,0,0,0,0,0
0,0,1,0,0,0
1,0,0,0,0,0
1,0,0,0,0,0
1,0,0,0,0,0
1,0,0,0,0,0
1,0,0,0,0,0
1,0,0,0,0,0
1,0,0,0,0,0
1,0,0,0,0,0
0,1,0,0,0,0
1,0,0,0,0,0
1,0,0,0,0,0
1,0,0,0,0,0
0,1,0,0,0,0
1,0,0,0,0,0
0,1,0,0,0,0
0,1,0,0,0,0
0,0,0,0,0,0
1,0,0,0,0,0
1,0,0,0,0,1
1,0,0,0,0,0
0,0,0,0,0,1
1,0,0,0,0,0
1,0,0,0,0,1
1,0,0,0,0,1
1,0,0,0,0,0
1,0,0,0,0,0
1,0,0,0,0,0
1,0,0,0,0,0
1,0,0,0,0,0
1,0,0,0,0,1
0,0,0,0,1,0
1,0,0,0,0,0
1,0,0,0,0,1
1,0,0,0,0,1
1,0,0,0,0,0
1,0,0,0,0,0
1,0,0,0,0,0
1,0,0,0,0,0
1,0,0,0,0,1
1,0,0,0,0,0
0,0,1,0,0,1
1,0,0,0,0,0
1,0,0,0,0,1
1,0,0,0,0,1
1,0,0,0,0,0
1,0,0,0,0,0
1,0,0,0,0,0
0,1,0,0,0,0
0,1,0,0,0,0
1,0,0,0,0,1
1,0,0,0,0,0
1,0,0,0,0,0
1,0,0,0,0,0
1,0,0,0,0,0
1,0,0,0,0,0
0,0,0,0,0,0
1,0,0,0,0,0
0,1,0,0,0,1
1,0,0,0,0,0
0,0,0,0,0,1
0,0,0,0,0,0
1,0,0,0,0,0
1,0,0,0,0,1
1,0,0,0,0,0
1,0,0,0,0,0
1,0,0,0,0,0
1,0,0,0,0,1
1,0,0,0,0,1
1,0,0,0,0,0
0,0,0,0,0,1
1,0,0,0,0,1
1,0,0,0,0,0
1,0,0,0,0,1
1,0,0,0,0,0
1,0,0,0,0,0
1,0,0,0,0,0
1,0,0,0,0,0
1,0,0,0,0,1
1,0,0,0,0,1
1,0,0,0,0,1
1,0,0,0,0,0
1,0,0,0,0,0
1,0,0,0,0,1
1,0,0,0,0,1
1,0,0,0,0,0
1,0,0,0,0,0
0,0,0,0,1,0
1,0,0,0,0,0
1,0,0,0,0,0
1,0,0,0,0,1
1,0,0,0,0,1
1,0,0,0,0,0
1,0,0,0,0,1
1,0,0,0,0,0
1,0,0,0,0,0
1,0,0,0,0,0
1,0,0,0,0,0
0,1,0,0,0,0
0,1,0,0,0,0
1,0,0,0,0,0
1,0,0,0,0,0
1,0,0,0,0,1
1,0,0,0,0,1
1,0,0,0,0,0
1,0,0,0,0,0
1,0,0,0,0,0
0,0,0,0,1,1
1,0,0,0,0,1
1,0,0,0,0,0
0,0,0,0,0,1
0,1,0,0,0,1
1,0,0,0,0,0
1,0,0,0,0,1
1,0,0,0,0,0
1,0,0,0,0,1
1,0,0,0,0,0
1,0,0,0,0,0
1,0,0,0,0,0
1,0,0,0,0,0
1,0,0,0,0,1
1,0,0,0,0,0
1,0,0,0,0,0
1,0,0,0,0,0
1,0,0,0,0,1
1,0,0,0,0,0
1,0,0,0,0,0
1,0,0,0,0,0
1,0,0,0,0,1
1,0,0,0,0,0
1,0,0,0,0,0
1,0,0,0,0,0
1,0,0,0,0,0
1,0,0,0,0,0
1,0,0,0,0,1
1,0,0,0,0,0
1,0,0,0,0,1
1,0,0,0,0,0
0,1,0,0,0,0
1,0,0,0,0,0
1,0,0,0,0,0
1,0,0,0,0,0
1,0,0,0,0,0
1,0,0,0,0,0
1,0,0,0,0,1
0,0,0,0,0,0
1,0,0,0,0,0
1,0,0,0,0,0
1,0,0,0,0,0
1,0,0,0,0,0
1,0,0,0,0,0
0,0,0,0,0,0
1,0,0,0,0,1
1,0,0,0,0,0
1,0,0,0,0,0
1,0,0,0,0,0
1,0,0,0,0,1
1,0,0,0,0,0
1,0,0,0,0,0
1,0,0,0,0,1
1,0,0,0,0,1
1,0,0,0,0,1
1,0,0,0,0,0
1,0,0,0,0,0
1,0,0,0,0,0
1,0,0,0,0,1
1,0,0,0,0,0
0,1,0,0,0,0
1,0,0,0,0,0
1,0,0,0,0,1
1,0,0,0,0,0
0,0,1,0,0,0
1,0,0,0,0,0
1,0,0,0,0,0
1,0,0,0,0,0
1,0,0,0,0,1
1,0,0,0,0,0
1,0,0,0,0,1
1,0,0,0,0,0
1,0,0,0,0,0
1,0,0,0,0,0
1,0,0,0,0,0
1,0,0,0,0,1
1,0,0,0,0,0
1,0,0,0,0,0
0,0,0,0,0,0
1,0,0,0,0,1
1,0,0,0,0,0
1,0,0,0,0,1
1,0,0,0,0,1
0,0,0,0,0,0
1,0,0,0,0,1
0,1,0,0,0,0
1,0,0,0,0,0
1,0,0,0,0,1
0,0,0,1,0,0
1,0,0,0,0,0
1,0,0,0,0,1
1,0,0,0,0,1
1,0,0,0,0,0
0,0,0,1,0,0
1,0,0,0,0,1
0,1,0,0,0,0
1,0,0,0,0,1
1,0,0,0,0,0
1,0,0,0,0,0
1,0,0,0,0,0
1,0,0,0,0,0
1,0,0,0,0,0
1,0,0,0,0,1
1,0,0,0,0,1
1,0,0,0,0,1
1,0,0,0,0,0
1,0,0,0,0,1
1,0,0,0,0,1
1,0,0,0,0,1
1,0,0,0,0,1
0,0,1,0,0,0
1,0,0,0,0,0
1,0,0,0,0,1
1,0,0,0,0,1
1,0,0,0,0,1
1,0,0,0,0,0
1,0,0,0,0,0
1,0,0,0,0,0
1,0,0,0,0,0
1,0,0,0,0,0
1,0,0,0,0,0
1,0,0,0,0,0
1,0,0,0,0,0
1,0,0,0,0,1
0,0,0,0,0,1
1,0,0,0,0,0
1,0,0,0,0,0
0,1,0,0,0,0
1,0,0,0,0,1
1,0,0,0,0,1
1,0,0,0,0,0
1,0,0,0,0,1
1,0,0,0,0,1
1,0,0,0,0,0
1,0,0,0,0,0
0,0,1,0,0,1
1,0,0,0,0,0
1,0,0,0,0,0
1,0,0,0,0,0
1,0,0,0,0,0
1,0,0,0,0,1
1,0,0,0,0,0
1,0,0,0,0,0
1,0,0,0,0,1
1,0,0,0,0,1
1,0,0,0,0,0
1,0,0,0,0,1
1,0,0,0,0,1
0,0,0,0,0,0
1,0,0,0,0,0
1,0,0,0,0,0
1,0,0,0,0,0
0,1,0,0,0,0
1,0,0,0,0,0
1,0,0,0,0,1
1,0,0,0,0,0
1,0,0,0,0,1
1,0,0,0,0,1
1,0,0,0,0,0
1,0,0,0,0,0
1,0,0,0,0,0
1,0,0,0,0,0
0,1,0,0,0,1
1,0,0,0,0,1
1,0,0,0,0,1
1,0,0,0,0,0
1,0,0,0,0,0
1,0,0,0,0,1
1,0,0,0,0,0
1,0,0,0,0,0
1,0,0,0,0,1
1,0,0,0,0,0
1,0,0,0,0,0
1,0,0,0,0,0
1,0,0,0,0,0
1,0,0,0,0,0
1,0,0,0,0,0
1,0,0,0,0,0
1,0,0,0,0,0
1,0,0,0,0,0
0,0,0,0,0,0
0,1,0,0,0,1
1,0,0,0,0,0
1,0,0,0,0,0
1,0,0,0,0,0
1,0,0,0,0,1
1,0,0,0,0,0
1,0,0,0,0,1
1,0,0,0,0,1
1,0,0,0,0,0
1,0,0,0,0,1
1,0,0,0,0,0
1,0,0,0,0,1
1,0,0,0,0,0
1,0,0,0,0,0
1,0,0,0,0,0
1,0,0,0,0,0
1,0,0,0,0,0
1,0,0,0,0,0
1,0,0,0,0,0
0,1,0,0,0,0
0,0,1,0,0,1
1,0,0,0,0,1
1,0,0,0,0,0
1,0,0,0,0,0
1,0,0,0,0,1
1,0,0,0,0,0
1,0,0,0,0,1
1,0,0,0,0,1
1,0,0,0,0,0
1,0,0,0,0,0
0,0,0,0,0,0
1,0,0,0,0,0
1,0,0,0,0,0
1,0,0,0,0,0
1,0,0,0,0,1
1,0,0,0,0,1
1,0,0,0,0,0
1,0,0,0,0,0
1,0,0,0,0,0
1,0,0,0,0,1
1,0,0,0,0,1
1,0,0,0,0,0
1,0,0,0,0,0
1,0,0,0,0,1
1,0,0,0,0,0
1,0,0,0,0,1
0,0,0,1,0,1
1,0,0,0,0,1
1,0,0,0,0,0
1,0,0,0,0,0
1,0,0,0,0,0
1,0,0,0,0,0
1,0,0,0,0,0
1,0,0,0,0,1
1,0,0,0,0,0
1,0,0,0,0,0
1,0,0,0,0,0
1,0,0,0,0,0
1,0,0,0,0,1
0,0,0,0,0,0
0,0,0,0,0,0
1,0,0,0,0,0
1,0,0,0,0,0
1,0,0,0,0,0
1,0,0,0,0,0
1,0,0,0,0,0
1,0,0,0,0,0
0,0,0,0,0,0
1,0,0,0,0,1
0,0,1,0,0,1
1,0,0,0,0,0
1,0,0,0,0,0
1,0,0,0,0,0
1,0,0,0,0,0
1,0,0,0,0,0
0,0,0,0,0,1
1,0,0,0,0,1
1,0,0,0,0,1
1,0,0,0,0,0
1,0,0,0,0,0
1,0,0,0,0,1
1,0,0,0,0,0
0,0,0,0,0,1
0,0,0,0,1,0
1,0,0,0,0,0
1,0,0,0,0,1
1,0,0,0,0,0
1,0,0,0,0,1
1,0,0,0,0,1
1,0,0,0,0,0
1,0,0,0,0,0
1,0,0,0,0,0
1,0,0,0,0,0
1,0,0,0,0,0
1,0,0,0,0,0
1,0,0,0,0,0
1,0,0,0,0,1
1,0,0,0,0,0
1,0,0,0,0,0
1,0,0,0,0,1
0,1,0,0,0,0
1,0,0,0,0,0
1,0,0,0,0,1
1,0,0,0,0,0
0,1,0,0,0,0
1,0,0,0,0,0
1,0,0,0,0,0
1,0,0,0,0,0
1,0,0,0,0,0
0,0,0,0,0,0
1,0,0,0,0,0
1,0,0,0,0,0
1,0,0,0,0,0
1,0,0,0,0,0
1,0,0,0,0,1
0,1,0,0,0,1
0,1,0,0,0,0
1,0,0,0,0,0
1,0,0,0,0,0
1,0,0,0,0,1
1,0,0,0,0,0
1,0,0,0,0,0
1,0,0,0,0,0
1,0,0,0,0,0
1,0,0,0,0,0
1,0,0,0,0,1
1,0,0,0,0,0
1,0,0,0,0,0
1,0,0,0,0,0
1,0,0,0,0,0
1,0,0,0,0,1
0,0,0,0,1,0
1,0,0,0,0,1
1,0,0,0,0,1
0,0,0,0,0,0
1,0,0,0,0,0
1,0,0,0,0,0
1,0,0,0,0,0
1,0,0,0,0,1
0,0,0,0,0,0
1,0,0,0,0,1
1,0,0,0,0,1
1,0,0,0,0,1
1,0,0,0,0,1
0,0,0,1,0,0
0,0,1,0,0,1
1,0,0,0,0,0
1,0,0,0,0,0
1,0,0,0,0,0
1,0,0,0,0,1
1,0,0,0,0,1
1,0,0,0,0,0
1,0,0,0,0,1
1,0,0,0,0,0
1,0,0,0,0,0
0,0,0,0,0,0
0,0,0,0,1,0
0,0,0,0,0,0
0,0,0,0,0,1
1,0,0,0,0,0
1,0,0,0,0,0
1,0,0,0,0,1
1,0,0,0,0,0
1,0,0,0,0,0
0,1,0,0,0,0
1,0,0,0,0,1
1,0,0,0,0,0
1,0,0,0,0,0
0,0,0,0,0,0
1,0,0,0,0,0
1,0,0,0,0,0
1,0,0,0,0,1
1,0,0,0,0,0
1,0,0,0,0,1
1,0,0,0,0,0
1,0,0,0,0,0
1,0,0,0,0,0
1,0,0,0,0,1
1,0,0,0,0,0
1,0,0,0,0,0
0,0,0,1,0,0
1,0,0,0,0,0
1,0,0,0,0,1
1,0,0,0,0,1
1,0,0,0,0,1
1,0,0,0,0,0
1,0,0,0,0,0
1,0,0,0,0,0
1,0,0,0,0,0
1,0,0,0,0,0
1,0,0,0,0,0
1,0,0,0,0,0
1,0,0,0,0,1
1,0,0,0,0,0
1,0,0,0,0,0
1,0,0,0,0,0
1,0,0,0,0,1
1,0,0,0,0,1
1,0,0,0,0,0
1,0,0,0,0,0
1,0,0,0,0,0
0,0,0,0,1,0
1,0,0,0,0,1
1,0,0,0,0,0
1,0,0,0,0,0
1,0,0,0,0,0
1,0,0,0,0,0
1,0,0,0,0,0
1,0,0,0,0,0
1,0,0,0,0,1
0,1,0,0,0,0
1,0,0,0,0,0
0,1,0,0,0,0
1,0,0,0,0,1
1,0,0,0,0,1
1,0,0,0,0,0
1,0,0,0,0,1
1,0,0,0,0,1
1,0,0,0,0,0
1,0,0,0,0,0
1,0,0,0,0,1
1,0,0,0,0,0
1,0,0,0,0,0
1,0,0,0,0,1
1,0,0,0,0,1
1,0,0,0,0,1
1,0,0,0,0,0
1,0,0,0,0,0
1,0,0,0,0,0
1,0,0,0,0,0
0,1,0,0,0,0
1,0,0,0,0,1
1,0,0,0,0,0
1,0,0,0,0,1
1,0,0,0,0,0
1,0,0,0,0,0
1,0,0,0,0,0
1,0,0,0,0,0
1,0,0,0,0,0
1,0,0,0,0,1
1,0,0,0,0,0
1,0,0,0,0,0
1,0,0,0,0,0
1,0,0,0,0,0
0,1,0,0,0,1
1,0,0,0,0,0
1,0,0,0,0,0
1,0,0,0,0,0
1,0,0,0,0,0
1,0,0,0,0,0
1,0,0,0,0,0
1,0,0,0,0,1
1,0,0,0,0,0
1,0,0,0,0,1
0,0,0,0,0,0
1,0,0,0,0,0
1,0,0,0,0,0
1,0,0,0,0,0
0,0,0,0,1,1
1,0,0,0,0,0
1,0,0,0,0,1
1,0,0,0,0,1
1,0,0,0,0,0
1,0,0,0,0,0
1,0,0,0,0,1
1,0,0,0,0,0
1,0,0,0,0,0
0,0,0,0,1,0
0,0,1,0,0,1
1,0,0,0,0,1
1,0,0,0,0,0
1,0,0,0,0,0
1,0,0,0,0,0
1,0,0,0,0,0
1,0,0,0,0,0
1,0,0,0,0,1
1,0,0,0,0,0
1,0,0,0,0,0
1,0,0,0,0,0
1,0,0,0,0,0
1,0,0,0,0,0
1,0,0,0,0,0
1,0,0,0,0,1
0,0,0,0,1,0
1,0,0,0,0,0
1,0,0,0,0,0
1,0,0,0,0,1
0,1,0,0,0,0
1,0,0,0,0,1
1,0,0,0,0,1
1,0,0,0,0,1
1,0,0,0,0,0
1,0,0,0,0,1
1,0,0,0,0,0
1,0,0,0,0,0
1,0,0,0,0,0
1,0,0,0,0,0
1,0,0,0,0,0
1,0,0,0,0,0
1,0,0,0,0,0
1,0,0,0,0,0
1,0,0,0,0,1
1,0,0,0,0,0
1,0,0,0,0,0
0,0,1,0,0,0
1,0,0,0,0,0
0,1,0,0,0,0
1,0,0,0,0,0
1,0,0,0,0,0
1,0,0,0,0,0
1,0,0,0,0,0
1,0,0,0,0,0
1,0,0,0,0,0
1,0,0,0,0,0
0,0,0,0,0,1
1,0,0,0,0,0
1,0,0,0,0,1
1,0,0,0,0,1
1,0,0,0,0,1
1,0,0,0,0,0
1,0,0,0,0,0
0,1,0,0,0,0
1,0,0,0,0,0
1,0,0,0,0,0
1,0,0,0,0,1
1,0,0,0,0,0
1,0,0,0,0,1
1,0,0,0,0,0
1,0,0,0,0,1
1,0,0,0,0,1
1,0,0,0,0,1
1,0,0,0,0,1
1,0,0,0,0,0
1,0,0,0,0,1
1,0,0,0,0,0
0,1,0,0,0,1
1,0,0,0,0,1
1,0,0,0,0,1
1,0,0,0,0,0
1,0,0,0,0,1
1,0,0,0,0,0
0,1,0,0,0,0
1,0,0,0,0,1
1,0,0,0,0,0
0,1,0,0,0,1
1,0,0,0,0,1
1,0,0,0,0,1
0,0,0,0,0,0
1,0,0,0,0,0
1,0,0,0,0,0
1,0,0,0,0,1
1,0,0,0,0,0
0,1,0,0,0,0
1,0,0,0,0,1
1,0,0,0,0,1
1,0,0,0,0,0
1,0,0,0,0,0
1,0,0,0,0,0
1,0,0,0,0,1
1,0,0,0,0,1
1,0,0,0,0,1
0,1,0,0,0,0
0,0,0,0,1,1
1,0,0,0,0,1
1,0,0,0,0,1
0,1,0,0,0,1
1,0,0,0,0,0
1,0,0,0,0,0
1,0,0,0,0,0
1,0,0,0,0,0
1,0,0,0,0,1
0,1,0,0,0,1
1,0,0,0,0,1
1,0,0,0,0,1
0,1,0,0,0,0
1,0,0,0,0,0
1,0,0,0,0,1
1,0,0,0,0,0
1,0,0,0,0,0
1,0,0,0,0,0
1,0,0,0,0,0
1,0,0,0,0,1
1,0,0,0,0,0
1,0,0,0,0,0
1,0,0,0,0,1
1,0,0,0,0,0
1,0,0,0,0,1
1,0,0,0,0,1
1,0,0,0,0,1
1,0,0,0,0,0
1,0,0,0,0,0
1,0,0,0,0,1
1,0,0,0,0,0
0,0,0,0,0,1
1,0,0,0,0,1
1,0,0,0,0,1
1,0,0,0,0,0
1,0,0,0,0,1
1,0,0,0,0,1
1,0,0,0,0,1
1,0,0,0,0,0
1,0,0,0,0,0
1,0,0,0,0,0
1,0,0,0,0,1
1,0,0,0,0,0
1,0,0,0,0,0
0,0,0,0,0,1
1,0,0,0,0,1
1,0,0,0,0,1
1,0,0,0,0,0
1,0,0,0,0,0
0,1,0,0,0,1
1,0,0,0,0,0
1,0,0,0,0,1
1,0,0,0,0,1
1,0,0,0,0,1
1,0,0,0,0,1
1,0,0,0,0,1
1,0,0,0,0,1
1,0,0,0,0,0
0,1,0,0,0,0
1,0,0,0,0,1
1,0,0,0,0,0
1,0,0,0,0,1
1,0,0,0,0,0
1,0,0,0,0,1
1,0,0,0,0,0
1,0,0,0,0,0
1,0,0,0,0,1
1,0,0,0,0,0
1,0,0,0,0,0
1,0,0,0,0,0
1,0,0,0,0,0
1,0,0,0,0,0
0,1,0,0,0,0
0,1,0,0,0,1
1,0,0,0,0,0
1,0,0,0,0,0
1,0,0,0,0,1
1,0,0,0,0,1
1,0,0,0,0,1
1,0,0,0,0,1
1,0,0,0,0,1
1,0,0,0,0,0
1,0,0,0,0,1
1,0,0,0,0,0
0,1,0,0,0,1
1,0,0,0,0,1
1,0,0,0,0,0
1,0,0,0,0,1
0,1,0,0,0,1
1,0,0,0,0,0
1,0,0,0,0,1
1,0,0,0,0,1
0,1,0,0,0,1
1,0,0,0,0,0
1,0,0,0,0,0
1,0,0,0,0,1
0,1,0,0,0,1
1,0,0,0,0,0
1,0,0,0,0,1
1,0,0,0,0,0
1,0,0,0,0,0
1,0,0,0,0,0
1,0,0,0,0,1
1,0,0,0,0,1
1,0,0,0,0,1
1,0,0,0,0,1
1,0,0,0,0,1
1,0,0,0,0,0
1,0,0,0,0,1
0,1,0,0,0,0
0,1,0,0,0,0
1,0,0,0,0,0
0,0,0,0,1,0
1,0,0,0,0,0
1,0,0,0,0,0
1,0,0,0,0,0
1,0,0,0,0,1
1,0,0,0,0,0
1,0,0,0,0,0
0,1,0,0,0,1
1,0,0,0,0,0
1,0,0,0,0,1
1,0,0,0,0,1
1,0,0,0,0,1
1,0,0,0,0,0
1,0,0,0,0,1
1,0,0,0,0,1
1,0,0,0,0,1
1,0,0,0,0,1
1,0,0,0,0,0
1,0,0,0,0,1
1,0,0,0,0,1
1,0,0,0,0,0
0,0,1,0,0,1
1,0,0,0,0,0
1,0,0,0,0,0
1,0,0,0,0,0
1,0,0,0,0,0
1,0,0,0,0,1
1,0,0,0,0,0
1,0,0,0,0,1
1,0,0,0,0,1
0,0,0,0,0,0
1,0,0,0,0,0
1,0,0,0,0,1
0,1,0,0,0,1
1,0,0,0,0,0
1,0,0,0,0,1
1,0,0,0,0,0
1,0,0,0,0,1
1,0,0,0,0,0
1,0,0,0,0,0
1,0,0,0,0,0
0,1,0,0,0,0
0,1,0,0,0,0
1,0,0,0,0,0
1,0,0,0,0,1
1,0,0,0,0,0
1,0,0,0,0,0
1,0,0,0,0,1
1,0,0,0,0,1
1,0,0,0,0,1
0,0,0,0,0,0
1,0,0,0,0,0
0,1,0,0,0,1
1,0,0,0,0,1
1,0,0,0,0,1
1,0,0,0,0,0
1,0,0,0,0,1
1,0,0,0,0,1
1,0,0,0,0,0
1,0,0,0,0,0
0,0,0,0,0,0
1,0,0,0,0,1
0,0,0,0,0,1
1,0,0,0,0,1
1,0,0,0,0,1
1,0,0,0,0,1
1,0,0,0,0,1
1,0,0,0,0,0
1,0,0,0,0,1
1,0,0,0,0,1
1,0,0,0,0,0
1,0,0,0,0,1
1,0,0,0,0,0
0,0,0,0,0,0
0,1,0,0,0,1
1,0,0,0,0,1
0,0,0,0,0,1
1,0,0,0,0,0
1,0,0,0,0,1
1,0,0,0,0,1
1,0,0,0,0,1
1,0,0,0,0,1
0,0,1,0,0,0
1,0,0,0,0,1
1,0,0,0,0,0
0,0,1,0,0,0
1,0,0,0,0,1
1,0,0,0,0,1
0,0,1,0,0,1
1,0,0,0,0,0
1,0,0,0,0,1
0,1,0,0,0,0
1,0,0,0,0,0
1,0,0,0,0,0
1,0,0,0,0,0
1,0,0,0,0,1
0,0,0,0,0,1
1,0,0,0,0,1
1,0,0,0,0,1
1,0,0,0,0,1
1,0,0,0,0,1
1,0,0,0,0,0
0,0,1,0,0,1
1,0,0,0,0,1
1,0,0,0,0,1
1,0,0,0,0,1
0,0,0,0,1,0
1,0,0,0,0,0
0,1,0,0,0,0
1,0,0,0,0,1
0,1,0,0,0,0
1,0,0,0,0,1
1,0,0,0,0,0
1,0,0,0,0,1
1,0,0,0,0,1
1,0,0,0,0,0
1,0,0,0,0,0
0,0,0,0,0,1
1,0,0,0,0,0
0,1,0,0,0,1
1,0,0,0,0,0
1,0,0,0,0,0
1,0,0,0,0,1
1,0,0,0,0,0
0,0,0,0,0,1
0,0,0,0,0,0
1,0,0,0,0,1
0,0,0,0,0,0
0,1,0,0,0,0
1,0,0,0,0,1
0,1,0,0,0,0
0,1,0,0,0,1
1,0,0,0,0,1
1,0,0,0,0,0
1,0,0,0,0,1
1,0,0,0,0,0
1,0,0,0,0,0
1,0,0,0,0,1
1,0,0,0,0,1
1,0,0,0,0,1
1,0,0,0,0,1
0,1,0,0,0,1
1,0,0,0,0,1
1,0,0,0,0,1
0,0,0,0,0,1
1,0,0,0,0,1
1,0,0,0,0,1
1,0,0,0,0,0
0,1,0,0,0,1
1,0,0,0,0,0
0,1,0,0,0,1
1,0,0,0,0,1
1,0,0,0,0,0
1,0,0,0,0,1
1,0,0,0,0,1
0,1,0,0,0,1
1,0,0,0,0,1
1,0,0,0,0,1
1,0,0,0,0,1
1,0,0,0,0,0
1,0,0,0,0,1
1,0,0,0,0,0
1,0,0,0,0,1
1,0,0,0,0,0
1,0,0,0,0,0
1,0,0,0,0,1
1,0,0,0,0,0
1,0,0,0,0,1
1,0,0,0,0,1
1,0,0,0,0,1
1,0,0,0,0,1
1,0,0,0,0,1
1,0,0,0,0,1
1,0,0,0,0,1
1,0,0,0,0,1
0,1,0,0,0,0
1,0,0,0,0,1
1,0,0,0,0,1
1,0,0,0,0,0
1,0,0,0,0,1
1,0,0,0,0,1
1,0,0,0,0,1
1,0,0,0,0,0
1,0,0,0,0,0
1,0,0,0,0,0
1,0,0,0,0,0
1,0,0,0,0,1
0,1,0,0,0,0
0,0,0,0,0,0
1,0,0,0,0,0
1,0,0,0,0,1
0,1,0,0,0,1
1,0,0,0,0,0
1,0,0,0,0,1
1,0,0,0,0,0
0,0,0,0,0,0
1,0,0,0,0,1
1,0,0,0,0,1
1,0,0,0,0,0
1,0,0,0,0,0
1,0,0,0,0,1
1,0,0,0,0,1
1,0,0,0,0,0
1,0,0,0,0,0
1,0,0,0,0,1
0,0,0,0,0,1
1,0,0,0,0,1
1,0,0,0,0,1
0,0,0,0,0,0
1,0,0,0,0,0
1,0,0,0,0,1
0,1,0,0,0,0
1,0,0,0,0,1
1,0,0,0,0,0
1,0,0,0,0,1
1,0,0,0,0,1
1,0,0,0,0,0
1,0,0,0,0,1
1,0,0,0,0,1
1,0,0,0,0,0
1,0,0,0,0,1
1,0,0,0,0,1
1,0,0,0,0,1
1,0,0,0,0,0
1,0,0,0,0,1
0,1,0,0,0,1
0,0,1,0,0,0
1,0,0,0,0,0
1,0,0,0,0,1
1,0,0,0,0,0
1,0,0,0,0,0
1,0,0,0,0,0
1,0,0,0,0,0
1,0,0,0,0,0
1,0,0,0,0,1
1,0,0,0,0,0
1,0,0,0,0,1
1,0,0,0,0,1
1,0,0,0,0,0
1,0,0,0,0,1
1,0,0,0,0,1
1,0,0,0,0,0
1,0,0,0,0,1
0,0,0,0,0,0
1,0,0,0,0,1
1,0,0,0,0,0
0,0,0,1,0,1
1,0,0,0,0,1
1,0,0,0,0,1
0,0,0,0,0,1
1,0,0,0,0,0
1,0,0,0,0,1
1,0,0,0,0,0
0,0,0,0,0,0
1,0,0,0,0,1
0,1,0,0,0,1
1,0,0,0,0,0
1,0,0,0,0,1
0,0,1,0,0,0
1,0,0,0,0,1
1,0,0,0,0,1
1,0,0,0,0,0
1,0,0,0,0,0
1,0,0,0,0,0
1,0,0,0,0,1
1,0,0,0,0,0
1,0,0,0,0,0
1,0,0,0,0,0
1,0,0,0,0,1
1,0,0,0,0,0
1,0,0,0,0,1
1,0,0,0,0,0
1,0,0,0,0,1
1,0,0,0,0,1
1,0,0,0,0,1
1,0,0,0,0,1
1,0,0,0,0,1
1,0,0,0,0,1
1,0,0,0,0,1
1,0,0,0,0,1
1,0,0,0,0,0
1,0,0,0,0,1
1,0,0,0,0,0
0,1,0,0,0,0
1,0,0,0,0,1
1,0,0,0,0,1
1,0,0,0,0,1
1,0,0,0,0,0
0,1,0,0,0,0
1,0,0,0,0,0
1,0,0,0,0,0
0,1,0,0,0,0
1,0,0,0,0,0
1,0,0,0,0,0
1,0,0,0,0,1
1,0,0,0,0,1
0,1,0,0,0,1
1,0,0,0,0,0
1,0,0,0,0,1
0,1,0,0,0,1
1,0,0,0,0,0
1,0,0,0,0,1
0,0,0,0,1,1
1,0,0,0,0,1
1,0,0,0,0,0
1,0,0,0,0,0
0,0,0,0,0,0
1,0,0,0,0,1
1,0,0,0,0,0
1,0,0,0,0,1
1,0,0,0,0,1
1,0,0,0,0,0
1,0,0,0,0,1
0,1,0,0,0,1
0,1,0,0,0,1
1,0,0,0,0,1
1,0,0,0,0,0
1,0,0,0,0,0
1,0,0,0,0,1
1,0,0,0,0,0
1,0,0,0,0,1
0,0,0,0,0,1
1,0,0,0,0,1
0,0,0,0,0,0
0,0,0,0,0,1
1,0,0,0,0,1
1,0,0,0,0,1
1,0,0,0,0,0
1,0,0,0,0,1
1,0,0,0,0,1
1,0,0,0,0,1
1,0,0,0,0,1
0,1,0,0,0,0
1,0,0,0,0,1
0,1,0,0,0,1
1,0,0,0,0,1
0,1,0,0,0,1
1,0,0,0,0,1
1,0,0,0,0,0
0,1,0,0,0,0
1,0,0,0,0,1
1,0,0,0,0,0
1,0,0,0,0,0
1,0,0,0,0,0
0,1,0,0,0,1
1,0,0,0,0,0
1,0,0,0,0,1
1,0,0,0,0,1
1,0,0,0,0,0
1,0,0,0,0,1
1,0,0,0,0,1
1,0,0,0,0,0
1,0,0,0,0,0
1,0,0,0,0,1
0,0,0,0,0,1
1,0,0,0,0,1
1,0,0,0,0,1
1,0,0,0,0,1
1,0,0,0,0,1
1,0,0,0,0,0
1,0,0,0,0,1
1,0,0,0,0,1
1,0,0,0,0,0
1,0,0,0,0,1
1,0,0,0,0,1
1,0,0,0,0,1
0,1,0,0,0,1
1,0,0,0,0,1
1,0,0,0,0,1
1,0,0,0,0,0
1,0,0,0,0,1
0,1,0,0,0,0
0,0,0,0,0,0
1,0,0,0,0,0
1,0,0,0,0,0
1,0,0,0,0,0
1,0,0,0,0,0
0,0,0,1,0,0
1,0,0,0,0,1
0,0,1,0,0,0
1,0,0,0,0,1
1,0,0,0,0,0
0,1,0,0,0,0
1,0,0,0,0,1
1,0,0,0,0,1
1,0,0,0,0,0
0,1,0,0,0,0
1,0,0,0,0,0
1,0,0,0,0,0
1,0,0,0,0,1
1,0,0,0,0,1
1,0,0,0,0,0
0,0,0,0,0,0
1,0,0,0,0,1
1,0,0,0,0,1
1,0,0,0,0,1
0,1,0,0,0,1
1,0,0,0,0,1
1,0,0,0,0,1
1,0,0,0,0,1
1,0,0,0,0,1
1,0,0,0,0,0
1,0,0,0,0,0
1,0,0,0,0,0
1,0,0,0,0,0
1,0,0,0,0,0
1,0,0,0,0,1
1,0,0,0,0,1
0,1,0,0,0,0
1,0,0,0,0,1
0,1,0,0,0,1
0,0,1,0,0,0
1,0,0,0,0,0
1,0,0,0,0,1
0,1,0,0,0,0
0,1,0,0,0,0
1,0,0,0,0,0
0,1,0,0,0,0
1,0,0,0,0,1
1,0,0,0,0,1
0,1,0,0,0,0
1,0,0,0,0,0
1,0,0,0,0,1
1,0,0,0,0,1
1,0,0,0,0,1
1,0,0,0,0,0
0,0,0,0,0,1
0,0,0,0,0,0
1,0,0,0,0,1
1,0,0,0,0,0
1,0,0,0,0,1
1,0,0,0,0,1
0,0,0,0,0,1
1,0,0,0,0,0
1,0,0,0,0,0
0,1,0,0,0,0
1,0,0,0,0,1
1,0,0,0,0,1
1,0,0,0,0,1
1,0,0,0,0,0
1,0,0,0,0,0
1,0,0,0,0,1
1,0,0,0,0,1
1,0,0,0,0,0
1,0,0,0,0,0
1,0,0,0,0,0
1,0,0,0,0,0
1,0,0,0,0,1
1,0,0,0,0,1
1,0,0,0,0,0
1,0,0,0,0,0
1,0,0,0,0,1
1,0,0,0,0,1
1,0,0,0,0,1
1,0,0,0,0,1
1,0,0,0,0,1
0,1,0,0,0,0
1,0,0,0,0,0
1,0,0,0,0,1
0,1,0,0,0,1
1,0,0,0,0,1
0,0,0,1,0,1
1,0,0,0,0,1
1,0,0,0,0,1
1,0,0,0,0,1
1,0,0,0,0,1
1,0,0,0,0,0
1,0,0,0,0,1
1,0,0,0,0,0
0,1,0,0,0,1
1,0,0,0,0,1
1,0,0,0,0,1
1,0,0,0,0,0
1,0,0,0,0,0
1,0,0,0,0,0
1,0,0,0,0,1
1,0,0,0,0,1
1,0,0,0,0,0
1,0,0,0,0,1
0,1,0,0,0,1
1,0,0,0,0,1
1,0,0,0,0,1
1,0,0,0,0,1
1,0,0,0,0,1
0,1,0,0,0,1
1,0,0,0,0,1
0,0,0,0,0,0
1,0,0,0,0,0
1,0,0,0,0,0
1,0,0,0,0,1
1,0,0,0,0,1
1,0,0,0,0,1
1,0,0,0,0,0
1,0,0,0,0,0
0,1,0,0,0,0
1,0,0,0,0,1
1,0,0,0,0,1
0,1,0,0,0,1
0,1,0,0,0,1
1,0,0,0,0,1
1,0,0,0,0,1
1,0,0,0,0,0
0,1,0,0,0,1
1,0,0,0,0,0
1,0,0,0,0,0
1,0,0,0,0,0
1,0,0,0,0,0
1,0,0,0,0,1
1,0,0,0,0,0
1,0,0,0,0,0
0,1,0,0,0,1
0,1,0,0,0,1
1,0,0,0,0,1
1,0,0,0,0,0
1,0,0,0,0,0
1,0,0,0,0,1
1,0,0,0,0,0
0,0,0,0,0,0
1,0,0,0,0,0
0,1,0,0,0,1
1,0,0,0,0,0
1,0,0,0,0,0
1,0,0,0,0,0
1,0,0,0,0,1
1,0,0,0,0,1
1,0,0,0,0,1
1,0,0,0,0,0
0,0,0,1,0,1
1,0,0,0,0,1
0,1,0,0,0,1
1,0,0,0,0,1
1,0,0,0,0,0
1,0,0,0,0,1
1,0,0,0,0,0
0,0,0,0,0,0
1,0,0,0,0,0
1,0,0,0,0,0
1,0,0,0,0,1
1,0,0,0,0,1
1,0,0,0,0,0
1,0,0,0,0,0
1,0,0,0,0,1
0,1,0,0,0,0
1,0,0,0,0,1
1,0,0,0,0,1
1,0,0,0,0,0
1,0,0,0,0,0
1,0,0,0,0,0
1,0,0,0,0,1
1,0,0,0,0,0
1,0,0,0,0,0
1,0,0,0,0,0
1,0,0,0,0,0
1,0,0,0,0,1
1,0,0,0,0,1
1,0,0,0,0,0
1,0,0,0,0,0
1,0,0,0,0,1
0,0,0,0,0,0
1,0,0,0,0,0
1,0,0,0,0,0
1,0,0,0,0,1
1,0,0,0,0,1
1,0,0,0,0,1
1,0,0,0,0,0
0,0,0,0,1,1
0,1,0,0,0,1
1,0,0,0,0,0
1,0,0,0,0,1
1,0,0,0,0,1
0,0,0,0,0,0
1,0,0,0,0,0
1,0,0,0,0,0
1,0,0,0,0,0
0,1,0,0,0,0
1,0,0,0,0,0
1,0,0,0,0,1
1,0,0,0,0,0
1,0,0,0,0,1
1,0,0,0,0,1
1,0,0,0,0,0
1,0,0,0,0,0
1,0,0,0,0,0
1,0,0,0,0,1
1,0,0,0,0,0
1,0,0,0,0,0
1,0,0,0,0,0
1,0,0,0,0,1
1,0,0,0,0,1
1,0,0,0,0,1
0,1,0,0,0,1
1,0,0,0,0,1
1,0,0,0,0,1
1,0,0,0,0,1
1,0,0,0,0,1
0,1,0,0,0,1
1,0,0,0,0,1
0,1,0,0,0,1
1,0,0,0,0,1
1,0,0,0,0,0
1,0,0,0,0,1
1,0,0,0,0,1
1,0,0,0,0,1
1,0,0,0,0,0
1,0,0,0,0,0
1,0,0,0,0,1
1,0,0,0,0,1
1,0,0,0,0,0
1,0,0,0,0,1
1,0,0,0,0,0
1,0,0,0,0,0
1,0,0,0,0,1
0,1,0,0,0,1
1,0,0,0,0,0
1,0,0,0,0,1
0,1,0,0,0,0
0,1,0,0,0,1
1,0,0,0,0,1
1,0,0,0,0,1
1,0,0,0,0,1
1,0,0,0,0,0
1,0,0,0,0,1
1,0,0,0,0,1
1,0,0,0,0,1
1,0,0,0,0,0
1,0,0,0,0,0
0,0,0,0,0,0
1,0,0,0,0,0
1,0,0,0,0,0
1,0,0,0,0,0
1,0,0,0,0,0
1,0,0,0,0,1
1,0,0,0,0,0
1,0,0,0,0,1
1,0,0,0,0,0
1,0,0,0,0,0
1,0,0,0,0,0
1,0,0,0,0,0
1,0,0,0,0,1
1,0,0,0,0,1
0,0,0,0,0,1
1,0,0,0,0,1
0,0,0,0,1,1
0,1,0,0,0,0
1,0,0,0,0,1
1,0,0,0,0,1
1,0,0,0,0,1
1,0,0,0,0,1
1,0,0,0,0,0
1,0,0,0,0,1
0,1,0,0,0,0
1,0,0,0,0,0
0,1,0,0,0,0
1,0,0,0,0,1
1,0,0,0,0,0
0,0,0,0,1,1
1,0,0,0,0,1
1,0,0,0,0,0
1,0,0,0,0,0
1,0,0,0,0,1
1,0,0,0,0,1
1,0,0,0,0,0
0,0,0,0,0,0
1,0,0,0,0,0
1,0,0,0,0,0
1,0,0,0,0,0
1,0,0,0,0,0
1,0,0,0,0,1
1,0,0,0,0,1
1,0,0,0,0,0
1,0,0,0,0,0
1,0,0,0,0,0
1,0,0,0,0,0
1,0,0,0,0,1
1,0,0,0,0,0
0,1,0,0,0,0
1,0,0,0,0,1
1,0,0,0,0,0
1,0,0,0,0,1
1,0,0,0,0,0
0,0,1,0,0,0
1,0,0,0,0,0
1,0,0,0,0,1
1,0,0,0,0,0
0,1,0,0,0,1
1,0,0,0,0,0
1,0,0,0,0,0
1,0,0,0,0,0
1,0,0,0,0,1
1,0,0,0,0,1
1,0,0,0,0,0
0,1,0,0,0,0
0,0,0,0,1,1
1,0,0,0,0,1
1,0,0,0,0,0
1,0,0,0,0,1
0,1,0,0,0,1
1,0,0,0,0,0
0,1,0,0,0,1
0,0,0,0,0,1
1,0,0,0,0,1
0,1,0,0,0,0
1,0,0,0,0,1
1,0,0,0,0,1
1,0,0,0,0,1
1,0,0,0,0,1
1,0,0,0,0,0
0,0,0,0,0,0
0,0,0,0,0,1
0,1,0,0,0,1
1,0,0,0,0,1
1,0,0,0,0,0
1,0,0,0,0,1
1,0,0,0,0,1
1,0,0,0,0,0
1,0,0,0,0,1
1,0,0,0,0,1
0,0,0,0,0,1
1,0,0,0,0,0
1,0,0,0,0,1
0,1,0,0,0,1
1,0,0,0,0,1
1,0,0,0,0,1
1,0,0,0,0,1
1,0,0,0,0,0
0,0,0,0,0,1
1,0,0,0,0,0
1,0,0,0,0,1
1,0,0,0,0,1
1,0,0,0,0,0
1,0,0,0,0,1
1,0,0,0,0,0
0,1,0,0,0,1
1,0,0,0,0,1
0,1,0,0,0,1
0,0,0,0,0,1
1,0,0,0,0,0
1,0,0,0,0,0
1,0,0,0,0,1
1,0,0,0,0,0
1,0,0,0,0,1
1,0,0,0,0,0
1,0,0,0,0,0
1,0,0,0,0,1
1,0,0,0,0,0
1,0,0,0,0,0
1,0,0,0,0,0
1,0,0,0,0,1
1,0,0,0,0,0
1,0,0,0,0,1
1,0,0,0,0,0
1,0,0,0,0,0
1,0,0,0,0,1
1,0,0,0,0,0
1,0,0,0,0,0
1,0,0,0,0,0
1,0,0,0,0,1
1,0,0,0,0,1
1,0,0,0,0,0
0,0,0,0,0,0
1,0,0,0,0,1
1,0,0,0,0,1
1,0,0,0,0,0
1,0,0,0,0,0
0,1,0,0,0,0
1,0,0,0,0,1
0,1,0,0,0,0
1,0,0,0,0,0
0,0,0,0,0,1
0,1,0,0,0,1
1,0,0,0,0,0
1,0,0,0,0,1
1,0,0,0,0,1
1,0,0,0,0,0
0,1,0,0,0,1
1,0,0,0,0,1
1,0,0,0,0,1
1,0,0,0,0,0
1,0,0,0,0,1
1,0,0,0,0,0
1,0,0,0,0,0
1,0,0,0,0,0
1,0,0,0,0,0
1,0,0,0,0,0
1,0,0,0,0,0
0,1,0,0,0,0
1,0,0,0,0,0
1,0,0,0,0,1
1,0,0,0,0,0
1,0,0,0,0,0
1,0,0,0,0,0
1,0,0,0,0,1
1,0,0,0,0,1
1,0,0,0,0,1
1,0,0,0,0,0
1,0,0,0,0,1
1,0,0,0,0,0
1,0,0,0,0,1
1,0,0,0,0,1
1,0,0,0,0,1
0,0,0,0,0,1
1,0,0,0,0,0
1,0,0,0,0,0
0,1,0,0,0,1
0,1,0,0,0,1
0,0,0,0,0,1
1,0,0,0,0,1
0,1,0,0,0,0
1,0,0,0,0,1
1,0,0,0,0,1
1,0,0,0,0,1
1,0,0,0,0,1
1,0,0,0,0,0
1,0,0,0,0,1
1,0,0,0,0,1
1,0,0,0,0,1
0,1,0,0,0,0
1,0,0,0,0,1
0,0,0,0,0,0
1,0,0,0,0,1
1,0,0,0,0,1
0,0,0,0,0,1
0,0,0,0,0,0
1,0,0,0,0,0
1,0,0,0,0,1
1,0,0,0,0,1
1,0,0,0,0,1
1,0,0,0,0,1
1,0,0,0,0,1
0,0,0,0,1,1
1,0,0,0,0,0
1,0,0,0,0,0
1,0,0,0,0,1
1,0,0,0,0,0
1,0,0,0,0,1
1,0,0,0,0,1
1,0,0,0,0,0
1,0,0,0,0,1
1,0,0,0,0,0
1,0,0,0,0,1
1,0,0,0,0,1
1,0,0,0,0,0
1,0,0,0,0,1
0,1,0,0,0,1
1,0,0,0,0,1
1,0,0,0,0,1
1,0,0,0,0,1
0,1,0,0,0,1
1,0,0,0,0,0
1,0,0,0,0,0
1,0,0,0,0,0
1,0,0,0,0,0
1,0,0,0,0,1
1,0,0,0,0,0
1,0,0,0,0,1
1,0,0,0,0,1
1,0,0,0,0,1
1,0,0,0,0,1
1,0,0,0,0,1
0,1,0,0,0,0
1,0,0,0,0,1
1,0,0,0,0,1
1,0,0,0,0,1
1,0,0,0,0,0
1,0,0,0,0,1
0,1,0,0,0,1
1,0,0,0,0,0
1,0,0,0,0,1
1,0,0,0,0,0
1,0,0,0,0,1
1,0,0,0,0,1
1,0,0,0,0,1
1,0,0,0,0,1
1,0,0,0,0,0
1,0,0,0,0,1
1,0,0,0,0,0
1,0,0,0,0,0
1,0,0,0,0,1
1,0,0,0,0,0
1,0,0,0,0,0
0,1,0,0,0,0
1,0,0,0,0,1
1,0,0,0,0,1
0,1,0,0,0,1
1,0,0,0,0,1
1,0,0,0,0,0
1,0,0,0,0,0
1,0,0,0,0,0
1,0,0,0,0,1
1,0,0,0,0,0
1,0,0,0,0,1
1,0,0,0,0,1
1,0,0,0,0,1
1,0,0,0,0,0
1,0,0,0,0,1
1,0,0,0,0,0
1,0,0,0,0,1
1,0,0,0,0,0
1,0,0,0,0,0
1,0,0,0,0,1
1,0,0,0,0,1
1,0,0,0,0,0
1,0,0,0,0,1
1,0,0,0,0,0
1,0,0,0,0,1
0,1,0,0,0,0
1,0,0,0,0,1
1,0,0,0,0,1
1,0,0,0,0,1
1,0,0,0,0,0
1,0,0,0,0,0
1,0,0,0,0,0
1,0,0,0,0,0
1,0,0,0,0,1
1,0,0,0,0,1
1,0,0,0,0,1
0,0,0,0,1,1
1,0,0,0,0,1
1,0,0,0,0,1
1,0,0,0,0,0
1,0,0,0,0,0
1,0,0,0,0,0
1,0,0,0,0,0
1,0,0,0,0,0
1,0,0,0,0,1
1,0,0,0,0,1
1,0,0,0,0,0
1,0,0,0,0,0
0,1,0,0,0,0
1,0,0,0,0,1
0,1,0,0,0,0
1,0,0,0,0,1
1,0,0,0,0,1
0,0,1,0,0,1
0,0,0,0,0,1
0,0,0,0,1,0
1,0,0,0,0,1
1,0,0,0,0,0
1,0,0,0,0,0
1,0,0,0,0,1
1,0,0,0,0,0
1,0,0,0,0,0
1,0,0,0,0,1
1,0,0,0,0,1
1,0,0,0,0,0
1,0,0,0,0,1
1,0,0,0,0,1
1,0,0,0,0,1
1,0,0,0,0,0
1,0,0,0,0,0
1,0,0,0,0,1
1,0,0,0,0,1
1,0,0,0,0,0
1,0,0,0,0,1
0,0,0,0,0,1
1,0,0,0,0,1
1,0,0,0,0,1
1,0,0,0,0,0
1,0,0,0,0,1
0,0,1,0,0,0
1,0,0,0,0,1
0,0,0,0,0,1
0,0,0,0,1,0
1,0,0,0,0,1
1,0,0,0,0,1
1,0,0,0,0,0
1,0,0,0,0,0
1,0,0,0,0,0
1,0,0,0,0,0
1,0,0,0,0,0
1,0,0,0,0,0
1,0,0,0,0,1
1,0,0,0,0,1
1,0,0,0,0,0
0,0,0,0,0,0
1,0,0,0,0,1
1,0,0,0,0,1
1,0,0,0,0,1
1,0,0,0,0,1
1,0,0,0,0,1
1,0,0,0,0,1
0,1,0,0,0,1
1,0,0,0,0,1
1,0,0,0,0,1
1,0,0,0,0,0
0,1,0,0,0,0
0,0,0,0,0,0
1,0,0,0,0,0
1,0,0,0,0,0
1,0,0,0,0,1
0,1,0,0,0,1
1,0,0,0,0,1
1,0,0,0,0,1
1,0,0,0,0,0
1,0,0,0,0,0
1,0,0,0,0,0
1,0,0,0,0,1
1,0,0,0,0,0
1,0,0,0,0,0
0,1,0,0,0,0
0,0,0,0,1,0
1,0,0,0,0,1
0,0,1,0,0,1
0,1,0,0,0,0
1,0,0,0,0,0
1,0,0,0,0,0
1,0,0,0,0,0
1,0,0,0,0,1
1,0,0,0,0,1
1,0,0,0,0,1
0,1,0,0,0,0
1,0,0,0,0,1
1,0,0,0,0,1
1,0,0,0,0,0
1,0,0,0,0,0
0,0,1,0,0,0
1,0,0,0,0,1
1,0,0,0,0,0
0,0,0,0,1,1
0,1,0,0,0,0
1,0,0,0,0,0
1,0,0,0,0,1
1,0,0,0,0,1
0,1,0,0,0,1
1,0,0,0,0,1
1,0,0,0,0,0
1,0,0,0,0,1
1,0,0,0,0,1
1,0,0,0,0,0
0,1,0,0,0,1
1,0,0,0,0,1
1,0,0,0,0,1
1,0,0,0,0,0
0,1,0,0,0,1
1,0,0,0,0,1
1,0,0,0,0,0
0,1,0,0,0,0
1,0,0,0,0,0
1,0,0,0,0,0
1,0,0,0,0,1
1,0,0,0,0,0
1,0,0,0,0,1
0,1,0,0,0,0
1,0,0,0,0,0
0,0,0,0,1,1
1,0,0,0,0,1
0,0,0,0,0,1
1,0,0,0,0,1
1,0,0,0,0,1
1,0,0,0,0,0
1,0,0,0,0,0
1,0,0,0,0,0
1,0,0,0,0,1
1,0,0,0,0,0
1,0,0,0,0,0
1,0,0,0,0,1
1,0,0,0,0,1
1,0,0,0,0,1
0,1,0,0,0,1
1,0,0,0,0,1
1,0,0,0,0,1
0,1,0,0,0,0
1,0,0,0,0,0
1,0,0,0,0,0
1,0,0,0,0,1
1,0,0,0,0,0
1,0,0,0,0,0
1,0,0,0,0,1
1,0,0,0,0,1
1,0,0,0,0,0
0,1,0,0,0,1
1,0,0,0,0,0
1,0,0,0,0,0
1,0,0,0,0,0
1,0,0,0,0,0
1,0,0,0,0,0
0,0,0,0,1,1
1,0,0,0,0,0
1,0,0,0,0,1
0,1,0,0,0,0
1,0,0,0,0,0
1,0,0,0,0,1
1,0,0,0,0,1
1,0,0,0,0,0
1,0,0,0,0,0
1,0,0,0,0,1
1,0,0,0,0,0
1,0,0,0,0,1
1,0,0,0,0,0
0,0,0,0,1,0
0,0,0,0,0,1
1,0,0,0,0,1
0,1,0,0,0,1
1,0,0,0,0,1
1,0,0,0,0,1
1,0,0,0,0,1
1,0,0,0,0,0
1,0,0,0,0,1
1,0,0,0,0,1
1,0,0,0,0,0
1,0,0,0,0,1
1,0,0,0,0,0
1,0,0,0,0,0
1,0,0,0,0,0
1,0,0,0,0,1
1,0,0,0,0,1
1,0,0,0,0,0
1,0,0,0,0,1
0,0,1,0,0,1
1,0,0,0,0,0
0,0,0,1,0,1
1,0,0,0,0,1
1,0,0,0,0,0
1,0,0,0,0,1
1,0,0,0,0,1
1,0,0,0,0,1
1,0,0,0,0,1
1,0,0,0,0,1
1,0,0,0,0,1
0,0,0,0,0,0
0,1,0,0,0,0
1,0,0,0,0,1
1,0,0,0,0,1
0,1,0,0,0,1
1,0,0,0,0,0
1,0,0,0,0,1
1,0,0,0,0,0
1,0,0,0,0,1
1,0,0,0,0,1
0,1,0,0,0,1
1,0,0,0,0,1
1,0,0,0,0,0
0,0,0,0,0,1
1,0,0,0,0,1
1,0,0,0,0,0
1,0,0,0,0,1
1,0,0,0,0,0
0,1,0,0,0,0
1,0,0,0,0,1
1,0,0,0,0,0
1,0,0,0,0,1
1,0,0,0,0,1
1,0,0,0,0,0
1,0,0,0,0,0
1,0,0,0,0,1
1,0,0,0,0,0
0,1,0,0,0,0
1,0,0,0,0,1
1,0,0,0,0,0
1,0,0,0,0,0
0,0,0,0,0,0
1,0,0,0,0,1
1,0,0,0,0,1
1,0,0,0,0,0
1,0,0,0,0,0
1,0,0,0,0,0
1,0,0,0,0,0
1,0,0,0,0,1
1,0,0,0,0,1
1,0,0,0,0,1
1,0,0,0,0,1
0,0,0,1,0,0
0,1,0,0,0,1
1,0,0,0,0,1
1,0,0,0,0,1
1,0,0,0,0,1
1,0,0,0,0,1
1,0,0,0,0,0
0,0,0,0,1,1
1,0,0,0,0,1
1,0,0,0,0,1
1,0,0,0,0,1
1,0,0,0,0,1
1,0,0,0,0,1
0,0,0,0,0,0
1,0,0,0,0,1
1,0,0,0,0,1
1,0,0,0,0,1
1,0,0,0,0,0
1,0,0,0,0,1
0,1,0,0,0,1
0,1,0,0,0,1
1,0,0,0,0,1
1,0,0,0,0,0
1,0,0,0,0,1
1,0,0,0,0,0
1,0,0,0,0,0
1,0,0,0,0,0
1,0,0,0,0,0
1,0,0,0,0,1
1,0,0,0,0,0
1,0,0,0,0,1
1,0,0,0,0,0
1,0,0,0,0,0
1,0,0,0,0,0
0,0,0,0,0,1
1,0,0,0,0,0
0,1,0,0,0,0
1,0,0,0,0,0
1,0,0,0,0,1
1,0,0,0,0,1
1,0,0,0,0,1
1,0,0,0,0,1
1,0,0,0,0,0
0,0,0,0,1,1
1,0,0,0,0,1
1,0,0,0,0,1
0,0,0,0,0,1
1,0,0,0,0,0
1,0,0,0,0,0
0,1,0,0,0,0
1,0,0,0,0,0
1,0,0,0,0,1
0,1,0,0,0,1
0,1,0,0,0,0
1,0,0,0,0,1
1,0,0,0,0,0
1,0,0,0,0,0
1,0,0,0,0,1
1,0,0,0,0,0
1,0,0,0,0,1
1,0,0,0,0,0
1,0,0,0,0,1
0,0,0,0,0,0
0,1,0,0,0,1
1,0,0,0,0,0
1,0,0,0,0,0
1,0,0,0,0,1
1,0,0,0,0,1
1,0,0,0,0,1
1,0,0,0,0,0
1,0,0,0,0,1
1,0,0,0,0,1
1,0,0,0,0,1
1,0,0,0,0,0
0,1,0,0,0,0
1,0,0,0,0,0
0,1,0,0,0,0
1,0,0,0,0,0
1,0,0,0,0,1
0,0,0,0,0,1
1,0,0,0,0,1
1,0,0,0,0,1
0,0,1,0,0,1
1,0,0,0,0,1
1,0,0,0,0,1
1,0,0,0,0,0
1,0,0,0,0,0
1,0,0,0,0,1
1,0,0,0,0,1
1,0,0,0,0,0
1,0,0,0,0,1
0,1,0,0,0,1
1,0,0,0,0,1
1,0,0,0,0,0
1,0,0,0,0,0
1,0,0,0,0,0
1,0,0,0,0,0
0,1,0,0,0,0
1,0,0,0,0,1
1,0,0,0,0,0
1,0,0,0,0,1
1,0,0,0,0,1
1,0,0,0,0,1
1,0,0,0,0,0
1,0,0,0,0,1
0,1,0,0,0,1
1,0,0,0,0,0
1,0,0,0,0,0
1,0,0,0,0,0
1,0,0,0,0,0
1,0,0,0,0,1
0,1,0,0,0,0
1,0,0,0,0,0
0,1,0,0,0,1
0,0,0,0,1,0
1,0,0,0,0,1
1,0,0,0,0,1
1,0,0,0,0,1
1,0,0,0,0,0
1,0,0,0,0,0
0,1,0,0,0,0
1,0,0,0,0,1
1,0,0,0,0,0
1,0,0,0,0,1
1,0,0,0,0,0
1,0,0,0,0,1
1,0,0,0,0,1
1,0,0,0,0,1
0,1,0,0,0,0
0,1,0,0,0,1
1,0,0,0,0,0
0,1,0,0,0,0
1,0,0,0,0,1
1,0,0,0,0,1
1,0,0,0,0,1
1,0,0,0,0,1
1,0,0,0,0,0
1,0,0,0,0,0
1,0,0,0,0,1
0,1,0,0,0,1
1,0,0,0,0,0
1,0,0,0,0,1
1,0,0,0,0,0
1,0,0,0,0,1
1,0,0,0,0,0
1,0,0,0,0,1
1,0,0,0,0,1
0,1,0,0,0,1
1,0,0,0,0,1
0,0,1,0,0,1
1,0,0,0,0,0
1,0,0,0,0,1
1,0,0,0,0,0
0,1,0,0,0,0
1,0,0,0,0,0
1,0,0,0,0,1
1,0,0,0,0,0
1,0,0,0,0,0
1,0,0,0,0,0
1,0,0,0,0,1
1,0,0,0,0,0
1,0,0,0,0,1
0,0,0,0,0,0
1,0,0,0,0,1
0,1,0,0,0,0
1,0,0,0,0,0
1,0,0,0,0,1
1,0,0,0,0,0
1,0,0,0,0,1
1,0,0,0,0,1
1,0,0,0,0,0
0,1,0,0,0,0
1,0,0,0,0,0
0,1,0,0,0,1
0,0,0,0,0,1
1,0,0,0,0,1
0,0,0,0,1,1
1,0,0,0,0,0
1,0,0,0,0,1
1,0,0,0,0,1
1,0,0,0,0,1
1,0,0,0,0,1
1,0,0,0,0,0
1,0,0,0,0,1
1,0,0,0,0,1
1,0,0,0,0,1
1,0,0,0,0,1
1,0,0,0,0,1
1,0,0,0,0,0
1,0,0,0,0,0
1,0,0,0,0,1
1,0,0,0,0,0
1,0,0,0,0,0
1,0,0,0,0,1
0,0,0,0,0,0
1,0,0,0,0,1
1,0,0,0,0,1
1,0,0,0,0,0
1,0,0,0,0,1
1,0,0,0,0,1
1,0,0,0,0,1
1,0,0,0,0,1
1,0,0,0,0,1
1,0,0,0,0,1
0,1,0,0,0,0
1,0,0,0,0,1
1,0,0,0,0,1
1,0,0,0,0,0
1,0,0,0,0,1
1,0,0,0,0,0
1,0,0,0,0,1
1,0,0,0,0,1
1,0,0,0,0,1
1,0,0,0,0,1
1,0,0,0,0,0
1,0,0,0,0,1
1,0,0,0,0,0
0,0,0,0,1,0
0,0,0,0,0,1
1,0,0,0,0,0
1,0,0,0,0,0
1,0,0,0,0,1
1,0,0,0,0,1
1,0,0,0,0,1
0,1,0,0,0,1
1,0,0,0,0,0
0,1,0,0,0,0
1,0,0,0,0,0
0,0,0,0,0,0
1,0,0,0,0,1
0,1,0,0,0,0
0,1,0,0,0,0
1,0,0,0,0,1
1,0,0,0,0,1
1,0,0,0,0,1
0,1,0,0,0,1
1,0,0,0,0,1
1,0,0,0,0,1
1,0,0,0,0,1
1,0,0,0,0,1
1,0,0,0,0,0
0,1,0,0,0,1
1,0,0,0,0,1
0,0,1,0,0,0
1,0,0,0,0,1
1,0,0,0,0,1
1,0,0,0,0,0
1,0,0,0,0,0
1,0,0,0,0,1
1,0,0,0,0,0
1,0,0,0,0,0
1,0,0,0,0,1
1,0,0,0,0,0
1,0,0,0,0,1
1,0,0,0,0,0
1,0,0,0,0,0
1,0,0,0,0,0
1,0,0,0,0,0
1,0,0,0,0,0
0,1,0,0,0,1
0,1,0,0,0,0
1,0,0,0,0,1
1,0,0,0,0,1
0,0,0,0,0,1
0,0,1,0,0,1
1,0,0,0,0,1
1,0,0,0,0,0
0,1,0,0,0,0
1,0,0,0,0,0
0,1,0,0,0,1
1,0,0,0,0,1
0,1,0,0,0,0
0,0,0,0,1,1
1,0,0,0,0,1
1,0,0,0,0,1
1,0,0,0,0,0
1,0,0,0,0,0
1,0,0,0,0,0
1,0,0,0,0,1
1,0,0,0,0,1
1,0,0,0,0,1
1,0,0,0,0,0
1,0,0,0,0,1
1,0,0,0,0,1
1,0,0,0,0,0
1,0,0,0,0,1
0,0,0,0,0,0
0,1,0,0,0,0
1,0,0,0,0,1
1,0,0,0,0,0
1,0,0,0,0,1
1,0,0,0,0,0
1,0,0,0,0,1
1,0,0,0,0,0
1,0,0,0,0,1
1,0,0,0,0,0
0,1,0,0,0,1
1,0,0,0,0,0
0,0,0,0,0,0
1,0,0,0,0,1
1,0,0,0,0,0
1,0,0,0,0,0
1,0,0,0,0,0
1,0,0,0,0,1
1,0,0,0,0,1
0,0,0,0,0,0
1,0,0,0,0,0
1,0,0,0,0,0
1,0,0,0,0,1
0,1,0,0,0,1
0,0,1,0,0,1
1,0,0,0,0,0
1,0,0,0,0,0
1,0,0,0,0,0
1,0,0,0,0,0
0,1,0,0,0,0
1,0,0,0,0,1
0,0,0,0,0,0
1,0,0,0,0,0
1,0,0,0,0,1
1,0,0,0,0,1
1,0,0,0,0,0
1,0,0,0,0,0
1,0,0,0,0,1
1,0,0,0,0,1
1,0,0,0,0,1
0,1,0,0,0,0
1,0,0,0,0,1
1,0,0,0,0,0
1,0,0,0,0,1
1,0,0,0,0,1
1,0,0,0,0,0
1,0,0,0,0,1
0,0,0,1,0,1
0,1,0,0,0,0
1,0,0,0,0,1
1,0,0,0,0,1
1,0,0,0,0,0
0,0,0,0,0,0
0,0,1,0,0,1
0,0,0,0,0,0
1,0,0,0,0,1
1,0,0,0,0,1
1,0,0,0,0,1
1,0,0,0,0,0
1,0,0,0,0,0
1,0,0,0,0,0
1,0,0,0,0,0
1,0,0,0,0,1
0,1,0,0,0,0
1,0,0,0,0,1
1,0,0,0,0,1
1,0,0,0,0,1
1,0,0,0,0,1
1,0,0,0,0,0
0,1,0,0,0,1
1,0,0,0,0,0
1,0,0,0,0,0
1,0,0,0,0,1
1,0,0,0,0,0
1,0,0,0,0,1
1,0,0,0,0,1
1,0,0,0,0,0
1,0,0,0,0,0
1,0,0,0,0,1
0,1,0,0,0,0
1,0,0,0,0,1
1,0,0,0,0,1
1,0,0,0,0,1
0,0,0,0,1,0
1,0,0,0,0,1
1,0,0,0,0,0
0,1,0,0,0,1
1,0,0,0,0,1
0,0,0,0,0,1
1,0,0,0,0,1
1,0,0,0,0,1
1,0,0,0,0,1
1,0,0,0,0,1
1,0,0,0,0,1
0,1,0,0,0,1
0,1,0,0,0,0
1,0,0,0,0,1
1,0,0,0,0,0
1,0,0,0,0,1
0,0,0,1,0,1
1,0,0,0,0,1
0,1,0,0,0,1
0,1,0,0,0,1
1,0,0,0,0,0
1,0,0,0,0,0
0,1,0,0,0,0
1,0,0,0,0,0
0,1,0,0,0,0
1,0,0,0,0,1
1,0,0,0,0,1
1,0,0,0,0,1
1,0,0,0,0,0
0,1,0,0,0,0
1,0,0,0,0,0
1,0,0,0,0,0
1,0,0,0,0,1
1,0,0,0,0,0
1,0,0,0,0,0
1,0,0,0,0,0
1,0,0,0,0,1
1,0,0,0,0,0
0,1,0,0,0,1
0,0,0,0,0,1
1,0,0,0,0,0
1,0,0,0,0,0
1,0,0,0,0,1
0,1,0,0,0,0
1,0,0,0,0,1
1,0,0,0,0,1
1,0,0,0,0,0
0,0,0,0,0,1
1,0,0,0,0,1
0,1,0,0,0,1
1,0,0,0,0,0
1,0,0,0,0,0
0,1,0,0,0,1
1,0,0,0,0,1
1,0,0,0,0,1
1,0,0,0,0,0
1,0,0,0,0,1
1,0,0,0,0,1
0,1,0,0,0,1
1,0,0,0,0,1
1,0,0,0,0,0
1,0,0,0,0,1
1,0,0,0,0,0
1,0,0,0,0,0
0,1,0,0,0,0
1,0,0,0,0,1
1,0,0,0,0,1
1,0,0,0,0,0
1,0,0,0,0,1
1,0,0,0,0,1
0,1,0,0,0,0
1,0,0,0,0,1
1,0,0,0,0,0
1,0,0,0,0,1
1,0,0,0,0,0
1,0,0,0,0,1
1,0,0,0,0,1
1,0,0,0,0,1
1,0,0,0,0,1
0,1,0,0,0,1
1,0,0,0,0,0
1,0,0,0,0,1
0,1,0,0,0,0
0,1,0,0,0,0
1,0,0,0,0,0
1,0,0,0,0,0
1,0,0,0,0,1
1,0,0,0,0,1
1,0,0,0,0,0
1,0,0,0,0,1
1,0,0,0,0,1
1,0,0,0,0,1
1,0,0,0,0,1
1,0,0,0,0,0
0,0,0,0,0,1
1,0,0,0,0,0
1,0,0,0,0,0
1,0,0,0,0,0
1,0,0,0,0,1
1,0,0,0,0,1
1,0,0,0,0,1
1,0,0,0,0,1
1,0,0,0,0,1
1,0,0,0,0,0
1,0,0,0,0,1
1,0,0,0,0,0
1,0,0,0,0,1
0,0,0,0,0,0
1,0,0,0,0,0
1,0,0,0,0,1
1,0,0,0,0,1
1,0,0,0,0,0
1,0,0,0,0,0
1,0,0,0,0,1
1,0,0,0,0,0
0,0,0,1,0,0
1,0,0,0,0,1
0,1,0,0,0,1
1,0,0,0,0,0
1,0,0,0,0,1
1,0,0,0,0,1
0,1,0,0,0,1
0,0,0,0,0,0
0,0,1,0,0,1
1,0,0,0,0,0
0,1,0,0,0,1
1,0,0,0,0,0
1,0,0,0,0,0
1,0,0,0,0,0
1,0,0,0,0,0
1,0,0,0,0,1
1,0,0,0,0,1
1,0,0,0,0,1
1,0,0,0,0,0
0,1,0,0,0,0
1,0,0,0,0,1
1,0,0,0,0,0
1,0,0,0,0,1
1,0,0,0,0,0
1,0,0,0,0,1
1,0,0,0,0,1
0,1,0,0,0,0
0,0,0,0,0,1
1,0,0,0,0,1
0,1,0,0,0,0
0,1,0,0,0,0
1,0,0,0,0,0
1,0,0,0,0,0
1,0,0,0,0,1
0,1,0,0,0,0
1,0,0,0,0,0
1,0,0,0,0,0
1,0,0,0,0,1
0,1,0,0,0,1
1,0,0,0,0,1
1,0,0,0,0,1
0,0,1,0,0,1
1,0,0,0,0,0
1,0,0,0,0,1
0,1,0,0,0,0
1,0,0,0,0,1
1,0,0,0,0,1
1,0,0,0,0,1
1,0,0,0,0,1
1,0,0,0,0,0
0,0,0,0,0,0
1,0,0,0,0,0
1,0,0,0,0,1
0,0,0,0,0,1
1,0,0,0,0,0
1,0,0,0,0,1
1,0,0,0,0,1
0,1,0,0,0,1
1,0,0,0,0,0
1,0,0,0,0,0
1,0,0,0,0,1
0,1,0,0,0,1
0,1,0,0,0,0
1,0,0,0,0,0
1,0,0,0,0,0
0,1,0,0,0,0
0,0,1,0,0,1
0,0,0,0,0,1
1,0,0,0,0,1
1,0,0,0,0,1
1,0,0,0,0,0
1,0,0,0,0,1
1,0,0,0,0,1
1,0,0,0,0,1
1,0,0,0,0,0
1,0,0,0,0,1
0,1,0,0,0,0
0,1,0,0,0,0
1,0,0,0,0,1
